case,family,objective,fraction,purpose,value,eta,threshold,solver_seconds
sensors_0.1_0.1,sensors,native_weighted,0.0,mean_seven,0.893999977376448,0.0,0.021995131951219736,2.2788160433992743
sensors_0.1_0.1,sensors,native_weighted,0.0,U,0.8999999499999988,0.0,0.021995131951219736,1.672777270898223
sensors_0.1_0.1,sensors,native_weighted,0.0,V,0.8999999499999994,0.0,0.021995131951219736,1.3660705257207155
sensors_0.1_0.1,sensors,native_weighted,0.0,parity,0.8199999605935003,0.0,0.021995131951219736,1.5812173718586564
sensors_0.1_0.1,sensors,native_weighted,0.01,mean_seven,0.8890265135754544,0.0024340487804878053,0.02442918073170754,2.620099109597504
sensors_0.1_0.1,sensors,native_weighted,0.01,U,0.8909295660720783,0.0024340487804878053,0.02442918073170754,0.9383556907996535
sensors_0.1_0.1,sensors,native_weighted,0.01,V,0.8909295660720778,0.0024340487804878053,0.02442918073170754,1.0450671827420592
sensors_0.1_0.1,sensors,native_weighted,0.01,parity,0.8113370065388942,0.0024340487804878053,0.02442918073170754,1.5821276679635048
sensors_0.1_0.1,sensors,native_weighted,0.05,mean_seven,0.8752467684742576,0.012170243902439027,0.03416537585365876,2.5717780301347375
sensors_0.1_0.1,sensors,native_weighted,0.05,U,0.8626063189202295,0.012170243902439027,0.03416537585365876,0.9035387430340052
sensors_0.1_0.1,sensors,native_weighted,0.05,V,0.8626063189202299,0.012170243902439027,0.03416537585365876,0.9338991995900869
sensors_0.1_0.1,sensors,native_weighted,0.05,parity,0.7873349621946629,0.012170243902439027,0.03416537585365876,1.6971158375963569
sensors_0.1_0.1,sensors,native_minimax,0.0,mean_seven,0.8939999887979094,0.0,0.07200001000000013,1.0690245674923062
sensors_0.1_0.1,sensors,native_minimax,0.0,U,0.8999999900000001,0.0,0.07200001000000013,0.8298048144206405
sensors_0.1_0.1,sensors,native_minimax,0.0,V,0.8999999900000001,0.0,0.07200001000000013,0.6059598000720143
sensors_0.1_0.1,sensors,native_minimax,0.0,parity,0.8199999804878061,0.0,0.07200001000000013,0.6963237542659044
sensors_0.1_0.1,sensors,native_minimax,0.01,mean_seven,0.8895191525609755,0.004000000000000002,0.07600001000000013,1.6663546096533537
sensors_0.1_0.1,sensors,native_minimax,0.01,U,0.8959999899999999,0.004000000000000002,0.07600001000000013,1.6955628208816051
sensors_0.1_0.1,sensors,native_minimax,0.01,V,0.89599999,0.004000000000000002,0.07600001000000013,0.47075198870152235
sensors_0.1_0.1,sensors,native_minimax,0.01,parity,0.8121951024390242,0.004000000000000002,0.07600001000000013,0.7391567006707191
sensors_0.1_0.1,sensors,native_minimax,0.05,mean_seven,0.8715958076132405,0.020000000000000007,0.09200001000000013,1.4015793651342392
sensors_0.1_0.1,sensors,native_minimax,0.05,U,0.87999999,0.020000000000000007,0.09200001000000013,0.7275814060121775
sensors_0.1_0.1,sensors,native_minimax,0.05,V,0.8799999899999997,0.020000000000000007,0.09200001000000013,0.5485912282019854
sensors_0.1_0.1,sensors,native_minimax,0.05,parity,0.7809755902439023,0.020000000000000007,0.09200001000000013,0.610725162550807
sensors_0.1_0.1,sensors,information,0.0,mean_seven,0.8939999955265018,0.0,-1.2730902549604362,0.01458632480353117
sensors_0.1_0.1,sensors,information,0.0,U,0.8279999920131013,0.0,-1.2730902549604362,0.003998999483883381
sensors_0.1_0.1,sensors,information,0.0,V,0.8279999920131013,0.0,-1.2730902549604362,0.003911786712706089
sensors_0.1_0.1,sensors,information,0.0,parity,0.8199999922079034,0.0,-1.2730902549604362,0.003819643519818783
sensors_0.1_0.1,sensors,information,0.01,mean_seven,0.892162852669359,0.004106725343253919,-1.2689835296171823,0.013661887496709824
sensors_0.1_0.1,sensors,information,0.01,U,0.8247199920131011,0.004106725343253919,-1.2689835296171823,0.003917296417057514
sensors_0.1_0.1,sensors,information,0.01,V,0.8247199920131013,0.004106725343253919,-1.2689835296171823,0.003854924812912941
sensors_0.1_0.1,sensors,information,0.01,parity,0.8167999922079034,0.004106725343253919,-1.2689835296171823,0.00434476975351572
sensors_0.1_0.1,sensors,information,0.05,mean_seven,0.8848142812407875,0.020533626716269595,-1.2525566282441665,0.01371729001402855
sensors_0.1_0.1,sensors,information,0.05,U,0.811599992013101,0.020533626716269595,-1.2525566282441665,0.003802252933382988
sensors_0.1_0.1,sensors,information,0.05,V,0.8115999920131013,0.020533626716269595,-1.2525566282441665,0.0038000335916876793
sensors_0.1_0.1,sensors,information,0.05,parity,0.8039999922079033,0.020533626716269595,-1.2525566282441665,0.0037460224702954292
sensors_0.1_0.1,sensors,brier,0.0,mean_seven,0.8939999928039456,0.0,-0.47999999,0.014774661511182785
sensors_0.1_0.1,sensors,brier,0.0,U,0.8279999871523012,0.0,-0.47999999,0.0039019063115119934
sensors_0.1_0.1,sensors,brier,0.0,V,0.8279999871523009,0.0,-0.47999999,0.0037951329723000526
sensors_0.1_0.1,sensors,brier,0.0,parity,0.8199999874656594,0.0,-0.47999999,0.0036635790020227432
sensors_0.1_0.1,sensors,brier,0.01,mean_seven,0.8921628499468028,0.0025529863013698624,-0.47744700369863013,0.013759399764239788
sensors_0.1_0.1,sensors,brier,0.01,U,0.8247199871523011,0.0025529863013698624,-0.47744700369863013,0.0037857331335544586
sensors_0.1_0.1,sensors,brier,0.01,V,0.824719987152301,0.0025529863013698624,-0.47744700369863013,0.003787352703511715
sensors_0.1_0.1,sensors,brier,0.01,parity,0.8167999874656594,0.0025529863013698624,-0.47744700369863013,0.003658498637378216
sensors_0.1_0.1,sensors,brier,0.05,mean_seven,0.8848142785182314,0.012764931506849313,-0.46723505849315067,0.01373131014406681
sensors_0.1_0.1,sensors,brier,0.05,U,0.8115999871523011,0.012764931506849313,-0.46723505849315067,0.0038085542619228363
sensors_0.1_0.1,sensors,brier,0.05,V,0.811599987152301,0.012764931506849313,-0.46723505849315067,0.0037746932357549667
sensors_0.1_0.1,sensors,brier,0.05,parity,0.8039999874656594,0.012764931506849313,-0.46723505849315067,0.004246736876666546
sensors_0.1_0.1,sensors,surprisal,0.0,mean_seven,0.893999995526502,0.0,-2.68007703572828,0.013690459541976452
sensors_0.1_0.1,sensors,surprisal,0.0,U,0.8279999920131013,0.0,-2.68007703572828,0.003920076414942741
sensors_0.1_0.1,sensors,surprisal,0.0,V,0.8279999920131013,0.0,-2.68007703572828,0.003784152679145336
sensors_0.1_0.1,sensors,surprisal,0.0,parity,0.8199999922079039,0.0,-2.68007703572828,0.0036944616585969925
sensors_0.1_0.1,sensors,surprisal,0.01,mean_seven,0.892162852669359,0.004106725343253923,-2.675970310385026,0.013647456653416157
sensors_0.1_0.1,sensors,surprisal,0.01,U,0.8247199920131011,0.004106725343253923,-2.675970310385026,0.0038160039111971855
sensors_0.1_0.1,sensors,surprisal,0.01,V,0.824719992013101,0.004106725343253923,-2.675970310385026,0.0037805335596203804
sensors_0.1_0.1,sensors,surprisal,0.01,parity,0.8167999922079036,0.004106725343253923,-2.675970310385026,0.0036918502300977707
sensors_0.1_0.1,sensors,surprisal,0.05,mean_seven,0.8848142812407879,0.020533626716269616,-2.6595434090120107,0.013624525628983974
sensors_0.1_0.1,sensors,surprisal,0.05,U,0.8115999920131014,0.020533626716269616,-2.6595434090120107,0.0038164546713232994
sensors_0.1_0.1,sensors,surprisal,0.05,V,0.8115999920131013,0.020533626716269616,-2.6595434090120107,0.0037675919011235237
sensors_0.1_0.1,sensors,surprisal,0.05,parity,0.8039999922079041,0.020533626716269616,-2.6595434090120107,0.003677130676805973
sensors_0.1_0.1,sensors,first_visit,0.0,mean_seven,0.8939999942589287,0.0,-1.5899999900000004,0.013054708950221539
sensors_0.1_0.1,sensors,first_visit,0.0,U,0.8279999897500001,0.0,-1.5899999900000004,0.0038268044590950012
sensors_0.1_0.1,sensors,first_visit,0.0,V,0.8279999897500003,0.0,-1.5899999900000004,0.0037964126095175743
sensors_0.1_0.1,sensors,first_visit,0.0,parity,0.8199999900000003,0.0,-1.5899999900000004,0.003677399829030037
sensors_0.1_0.1,sensors,first_visit,0.01,mean_seven,0.8921628514017858,0.0032000000000000028,-1.5867999900000003,0.013136421330273151
sensors_0.1_0.1,sensors,first_visit,0.01,U,0.8247199897499999,0.0032000000000000028,-1.5867999900000003,0.0038156742230057716
sensors_0.1_0.1,sensors,first_visit,0.01,V,0.8247199897500003,0.0032000000000000028,-1.5867999900000003,0.0037889834493398666
sensors_0.1_0.1,sensors,first_visit,0.01,parity,0.81679999,0.0032000000000000028,-1.5867999900000003,0.0036827102303504944
sensors_0.1_0.1,sensors,first_visit,0.05,mean_seven,0.8848142799732143,0.016000000000000014,-1.5739999900000003,0.013060740195214748
sensors_0.1_0.1,sensors,first_visit,0.05,U,0.81159998975,0.016000000000000014,-1.5739999900000003,0.003802163526415825
sensors_0.1_0.1,sensors,first_visit,0.05,V,0.8115999897500004,0.016000000000000014,-1.5739999900000003,0.003800762817263603
sensors_0.1_0.1,sensors,first_visit,0.05,parity,0.8039999900000003,0.016000000000000014,-1.5739999900000003,0.003695541061460972
sensors_0.1_0.3,sensors,native_weighted,0.0,mean_seven,0.7953428312415973,0.0,0.02420932034482758,1.8109021158888936
sensors_0.1_0.3,sensors,native_weighted,0.0,U,0.8999999555555548,0.0,0.02420932034482758,1.683175878599286
sensors_0.1_0.3,sensors,native_weighted,0.0,V,0.6999999333333338,0.0,0.02420932034482758,1.1908460892736912
sensors_0.1_0.3,sensors,native_weighted,0.0,parity,0.6599999498107086,0.0,0.02420932034482758,1.1016875114291906
sensors_0.1_0.3,sensors,native_weighted,0.01,mean_seven,0.7891388430956565,0.0024119068965517275,0.026621227241379306,1.8728303359821439
sensors_0.1_0.3,sensors,native_weighted,0.01,U,0.8909729791013582,0.0024119068965517275,0.026621227241379306,1.1277547953650355
sensors_0.1_0.3,sensors,native_weighted,0.01,V,0.6851710288967726,0.0024119068965517275,0.026621227241379306,0.9341126289218664
sensors_0.1_0.3,sensors,native_weighted,0.01,parity,0.6481527200606325,0.0024119068965517275,0.026621227241379306,1.406448227353394
sensors_0.1_0.3,sensors,native_weighted,0.05,mean_seven,0.7742773290699064,0.012059534482758637,0.03626885482758622,1.9106159508228302
sensors_0.1_0.3,sensors,native_weighted,0.05,U,0.861737743991641,0.012059534482758637,0.03626885482758622,1.0151251927018166
sensors_0.1_0.3,sensors,native_weighted,0.05,V,0.6613701154957342,0.012059534482758637,0.03626885482758622,0.9043266242370009
sensors_0.1_0.3,sensors,native_weighted,0.05,parity,0.6213817395231453,0.012059534482758637,0.03626885482758622,0.7104095900431275
sensors_0.1_0.3,sensors,native_minimax,0.0,mean_seven,0.7939999886083744,0.0,0.08000000999999994,0.7839723089709878
sensors_0.1_0.3,sensors,native_minimax,0.0,U,0.8919999899999999,0.0,0.08000000999999994,0.6613947059959173
sensors_0.1_0.3,sensors,native_minimax,0.0,V,0.7039999899999985,0.0,0.08000000999999994,0.5999081199988723
sensors_0.1_0.3,sensors,native_minimax,0.0,parity,0.6599999793103449,0.0,0.08000000999999994,0.8584525156766176
sensors_0.1_0.3,sensors,native_minimax,0.01,mean_seven,0.789534471366995,0.003920000000000003,0.08392000999999995,0.7726201387122273
sensors_0.1_0.3,sensors,native_minimax,0.01,U,0.88807999,0.003920000000000003,0.08392000999999995,0.6606611451134086
sensors_0.1_0.3,sensors,native_minimax,0.01,V,0.7000799900000001,0.003920000000000003,0.08392000999999995,0.587928069755435
sensors_0.1_0.3,sensors,native_minimax,0.01,parity,0.651889634482758,0.003920000000000003,0.08392000999999995,0.7633242793381214
sensors_0.1_0.3,sensors,native_minimax,0.05,mean_seven,0.7724152600205254,0.01960000000000002,0.09960000999999996,0.9061477594077587
sensors_0.1_0.3,sensors,native_minimax,0.05,U,0.8723999899999999,0.01960000000000002,0.09960000999999996,0.81223014742136
sensors_0.1_0.3,sensors,native_minimax,0.05,V,0.68439999,0.01960000000000002,0.09960000999999996,0.5273493994027376
sensors_0.1_0.3,sensors,native_minimax,0.05,parity,0.619448255172414,0.01960000000000002,0.09960000999999996,0.5146467983722687
sensors_0.1_0.3,sensors,information,0.0,mean_seven,0.8014285588727956,0.0,-0.9350081043344788,0.012543036602437496
sensors_0.1_0.3,sensors,information,0.0,U,0.9719999902982158,0.0,-0.9350081043344788,0.003948308527469635
sensors_0.1_0.3,sensors,information,0.0,V,0.6639999774074756,0.0,-0.9350081043344788,0.003829754889011383
sensors_0.1_0.3,sensors,information,0.0,parity,0.6599999779585128,0.0,-0.9350081043344788,0.003612249158322811
sensors_0.1_0.3,sensors,information,0.01,mean_seven,0.7935224086378366,0.0062968234388516234,-0.9287112808956272,0.012259509414434433
sensors_0.1_0.3,sensors,information,0.01,U,0.9658909482085365,0.0062968234388516234,-0.9287112808956272,0.003834005445241928
sensors_0.1_0.3,sensors,information,0.01,V,0.6497738638185526,0.0062968234388516234,-0.9287112808956272,0.003845546394586563
sensors_0.1_0.3,sensors,information,0.01,parity,0.6461208427498074,0.0062968234388516234,-0.9287112808956272,0.00362359918653965
sensors_0.1_0.3,sensors,information,0.05,mean_seven,0.7618978076980009,0.031484117194258116,-0.9035239871402206,0.012212877161800861
sensors_0.1_0.3,sensors,information,0.05,U,0.9414547798498184,0.031484117194258116,-0.9035239871402206,0.0038489652797579765
sensors_0.1_0.3,sensors,information,0.05,V,0.5928694094628604,0.031484117194258116,-0.9035239871402206,0.0037844739854335785
sensors_0.1_0.3,sensors,information,0.05,parity,0.5906043019149858,0.031484117194258116,-0.9035239871402206,0.0036346791312098503
sensors_0.1_0.3,sensors,brier,0.0,mean_seven,0.8014285570163763,0.0,-0.287941453414634,0.013388692401349545
sensors_0.1_0.3,sensors,brier,0.0,U,0.9719999514759894,0.0,-0.287941453414634,0.003781762905418873
sensors_0.1_0.3,sensors,brier,0.0,V,0.6639999740670844,0.0,-0.287941453414634,0.00377731304615736
sensors_0.1_0.3,sensors,brier,0.0,parity,0.6599999746995946,0.0,-0.287941453414634,0.0036139795556664467
sensors_0.1_0.3,sensors,brier,0.01,mean_seven,0.7986142704678681,0.001952711931443638,-0.28598874148319037,0.01345287449657917
sensors_0.1_0.3,sensors,brier,0.01,U,0.9625246100809963,0.001952711931443638,-0.28598874148319037,0.004026440903544426
sensors_0.1_0.3,sensors,brier,0.01,V,0.6589360227227469,0.001952711931443638,-0.28598874148319037,0.0037766629830002785
sensors_0.1_0.3,sensors,brier,0.01,parity,0.6550595343636555,0.001952711931443638,-0.28598874148319037,0.0036679496988654137
sensors_0.1_0.3,sensors,brier,0.05,mean_seven,0.7873571242738356,0.00976355965721819,-0.2781778937574158,0.013311689719557762
sensors_0.1_0.3,sensors,brier,0.05,U,0.9246232445010234,0.00976355965721819,-0.2781778937574158,0.003778134472668171
sensors_0.1_0.3,sensors,brier,0.05,V,0.6386802173453968,0.00976355965721819,-0.2781778937574158,0.003787534311413765
sensors_0.1_0.3,sensors,brier,0.05,parity,0.6352977730198995,0.00976355965721819,-0.2781778937574158,0.0036321692168712616
sensors_0.1_0.3,sensors,surprisal,0.0,mean_seven,0.7825713978346319,0.0,-2.981453885033654,0.012952929362654686
sensors_0.1_0.3,sensors,surprisal,0.0,U,0.7319999280741256,0.0,-2.981453885033654,0.0038554565981030464
sensors_0.1_0.3,sensors,surprisal,0.0,V,0.6999999971912062,0.0,-2.981453885033654,0.0038631362840533257
sensors_0.1_0.3,sensors,surprisal,0.0,parity,0.6599999503959462,0.0,-2.981453885033654,0.003814765252172947
sensors_0.1_0.3,sensors,surprisal,0.01,mean_seven,0.7606852790876165,0.007120493836307662,-2.974333391197346,0.013037142343819141
sensors_0.1_0.3,sensors,surprisal,0.01,U,0.6807851487583395,0.007120493836307662,-2.974333391197346,0.003838585689663887
sensors_0.1_0.3,sensors,surprisal,0.01,V,0.6979999971912061,0.007120493836307662,-2.974333391197346,0.003891976550221443
sensors_0.1_0.3,sensors,surprisal,0.01,parity,0.6246794129367863,0.007120493836307662,-2.974333391197346,0.0037696929648518562
sensors_0.1_0.3,sensors,surprisal,0.05,mean_seven,0.6834285714285714,0.03560246918153831,-2.9458514158521156,0.01269353274255991
sensors_0.1_0.3,sensors,surprisal,0.05,U,0.4999999999999999,0.03560246918153831,-2.9458514158521156,0.003685169853270054
sensors_0.1_0.3,sensors,surprisal,0.05,V,0.689999997191206,0.03560246918153831,-2.9458514158521156,0.003941467963159084
sensors_0.1_0.3,sensors,surprisal,0.05,parity,0.4999999999999999,0.03560246918153831,-2.9458514158521156,0.0036688316613435745
sensors_0.1_0.3,sensors,first_visit,0.0,mean_seven,0.7825714161785715,0.0,-1.70999999,0.01272591296583414
sensors_0.1_0.3,sensors,first_visit,0.0,U,0.7319999710000001,0.0,-1.70999999,0.00384676456451416
sensors_0.1_0.3,sensors,first_visit,0.0,V,0.6999999954545454,0.0,-1.70999999,0.0038475962355732918
sensors_0.1_0.3,sensors,first_visit,0.0,parity,0.6599999800000004,0.0,-1.70999999,0.003714371472597122
sensors_0.1_0.3,sensors,first_visit,0.01,mean_seven,0.7771185590357145,0.004399999999999999,-1.70559999,0.012704642489552498
sensors_0.1_0.3,sensors,first_visit,0.01,U,0.7192399710000003,0.004399999999999999,-1.70559999,0.003831225447356701
sensors_0.1_0.3,sensors,first_visit,0.01,V,0.6979999954545454,0.004399999999999999,-1.70559999,0.003858376294374466
sensors_0.1_0.3,sensors,first_visit,0.01,parity,0.65119998,0.004399999999999999,-1.70559999,0.0037383632734417915
sensors_0.1_0.3,sensors,first_visit,0.05,mean_seven,0.755307130464286,0.022,-1.68799999,0.012867066077888012
sensors_0.1_0.3,sensors,first_visit,0.05,U,0.6681999710000002,0.022,-1.68799999,0.0038076145574450493
sensors_0.1_0.3,sensors,first_visit,0.05,V,0.6899999954545454,0.022,-1.68799999,0.00376078300178051
sensors_0.1_0.3,sensors,first_visit,0.05,parity,0.6159999800000002,0.022,-1.68799999,0.0036934204399585724
sensors_0.25_0.25,sensors,native_weighted,0.0,mean_seven,0.7633928373531228,0.0,0.029531260000000024,2.0493906885385513
sensors_0.25_0.25,sensors,native_weighted,0.0,U,0.7499999499999996,0.0,0.029531260000000024,1.153037483803928
sensors_0.25_0.25,sensors,native_weighted,0.0,V,0.7499999499999995,0.0,0.029531260000000024,1.5103459786623716
sensors_0.25_0.25,sensors,native_weighted,0.0,parity,0.6249999653679651,0.0,0.029531260000000024,1.4400225346907973
sensors_0.25_0.25,sensors,native_weighted,0.01,mean_seven,0.76062227458256,0.0014000000000000017,0.030931260000000026,1.7675317525863647
sensors_0.25_0.25,sensors,native_weighted,0.01,U,0.74299995,0.0014000000000000017,0.030931260000000026,1.8497567623853683
sensors_0.25_0.25,sensors,native_weighted,0.01,V,0.7429999499999997,0.0014000000000000017,0.030931260000000026,1.5722881583496928
sensors_0.25_0.25,sensors,native_weighted,0.01,parity,0.6201514805194804,0.0014000000000000017,0.030931260000000026,2.251696966588497
sensors_0.25_0.25,sensors,native_weighted,0.05,mean_seven,0.7502585745511319,0.00700000000000001,0.03653126000000003,2.6358803659677505
sensors_0.25_0.25,sensors,native_weighted,0.05,U,0.7200062179999995,0.00700000000000001,0.03653126000000003,1.0323020974174142
sensors_0.25_0.25,sensors,native_weighted,0.05,V,0.7200062179999999,0.00700000000000001,0.03653126000000003,0.9214088981971145
sensors_0.25_0.25,sensors,native_weighted,0.05,parity,0.6020150054644807,0.00700000000000001,0.03653126000000003,2.4421643670648336
sensors_0.25_0.25,sensors,native_minimax,0.0,mean_seven,0.7633928480000002,0.0,0.09375000999999998,1.283330217935145
sensors_0.25_0.25,sensors,native_minimax,0.0,U,0.7499999899999998,0.0,0.09375000999999998,1.2648373022675514
sensors_0.25_0.25,sensors,native_minimax,0.0,V,0.7499999899999998,0.0,0.09375000999999998,1.1246392922475934
sensors_0.25_0.25,sensors,native_minimax,0.0,parity,0.6249999840000013,0.0,0.09375000999999998,1.7424730099737644
sensors_0.25_0.25,sensors,native_minimax,0.01,mean_seven,0.7611071337142857,0.0025000000000000027,0.09625000999999998,1.5465074637904763
sensors_0.25_0.25,sensors,native_minimax,0.01,U,0.74749999,0.0025000000000000027,0.09625000999999998,0.8329913914203644
sensors_0.25_0.25,sensors,native_minimax,0.01,V,0.7474999900000003,0.0025000000000000027,0.09625000999999998,1.1414422960951924
sensors_0.25_0.25,sensors,native_minimax,0.01,parity,0.620999984,0.0025000000000000027,0.09625000999999998,0.8242943305522203
sensors_0.25_0.25,sensors,native_minimax,0.05,mean_seven,0.7519642765714288,0.012500000000000015,0.10625000999999999,1.3382404185831547
sensors_0.25_0.25,sensors,native_minimax,0.05,U,0.7374999900000002,0.012500000000000015,0.10625000999999999,1.1087609454989433
sensors_0.25_0.25,sensors,native_minimax,0.05,V,0.7374999900000005,0.012500000000000015,0.10625000999999999,0.9789496343582869
sensors_0.25_0.25,sensors,native_minimax,0.05,parity,0.6049999840000002,0.012500000000000015,0.10625000999999999,0.907735075801611
sensors_0.25_0.25,sensors,information,0.0,mean_seven,0.7633928475154811,0.0,-0.5205996195475662,0.014001520350575447
sensors_0.25_0.25,sensors,information,0.0,U,0.6562499789401147,0.0,-0.5205996195475662,0.003853665664792061
sensors_0.25_0.25,sensors,information,0.0,V,0.6562499789401148,0.0,-0.5205996195475662,0.0038154050707817078
sensors_0.25_0.25,sensors,information,0.0,parity,0.6249999831520919,0.0,-0.5205996195475662,0.0037284214049577713
sensors_0.25_0.25,sensors,information,0.01,mean_seven,0.7626785618011953,0.0007419318798081709,-0.519857687667758,0.01341769378632307
sensors_0.25_0.25,sensors,information,0.01,U,0.6546874789401147,0.0007419318798081709,-0.519857687667758,0.003805374726653099
sensors_0.25_0.25,sensors,information,0.01,V,0.6546874789401148,0.0007419318798081709,-0.519857687667758,0.0037742629647254944
sensors_0.25_0.25,sensors,information,0.01,parity,0.6237499831520916,0.0007419318798081709,-0.519857687667758,0.00367618165910244
sensors_0.25_0.25,sensors,information,0.05,mean_seven,0.7598214189440524,0.0037096593990408547,-0.5168899601485253,0.01330058928579092
sensors_0.25_0.25,sensors,information,0.05,U,0.6484374789401146,0.0037096593990408547,-0.5168899601485253,0.0038122739642858505
sensors_0.25_0.25,sensors,information,0.05,V,0.6484374789401148,0.0037096593990408547,-0.5168899601485253,0.003837225027382374
sensors_0.25_0.25,sensors,information,0.05,parity,0.6187499831520917,0.0037096593990408547,-0.5168899601485253,0.0037072720006108284
sensors_0.25_0.25,sensors,brier,0.0,mean_seven,0.7633928448351649,0.0,-0.18749999000000006,0.013108974322676659
sensors_0.25_0.25,sensors,brier,0.0,U,0.656249973076923,0.0,-0.18749999000000006,0.003758572041988373
sensors_0.25_0.25,sensors,brier,0.0,V,0.6562499730769231,0.0,-0.18749999000000006,0.003759651444852352
sensors_0.25_0.25,sensors,brier,0.0,parity,0.6249999784615384,0.0,-0.18749999000000006,0.0036568501964211464
sensors_0.25_0.25,sensors,brier,0.01,mean_seven,0.7626785591208792,0.0005803571428571433,-0.18691963285714291,0.013247348368167877
sensors_0.25_0.25,sensors,brier,0.01,U,0.6546874730769231,0.0005803571428571433,-0.18691963285714291,0.003814093768596649
sensors_0.25_0.25,sensors,brier,0.01,V,0.6546874730769232,0.0005803571428571433,-0.18691963285714291,0.0037539126351475716
sensors_0.25_0.25,sensors,brier,0.01,parity,0.6237499784615386,0.0005803571428571433,-0.18691963285714291,0.003660290502011776
sensors_0.25_0.25,sensors,brier,0.05,mean_seven,0.7598214162637362,0.0029017857142857166,-0.18459820428571436,0.013101554475724697
sensors_0.25_0.25,sensors,brier,0.05,U,0.6484374730769231,0.0029017857142857166,-0.18459820428571436,0.0037297215312719345
sensors_0.25_0.25,sensors,brier,0.05,V,0.6484374730769231,0.0029017857142857166,-0.18459820428571436,0.00374436192214489
sensors_0.25_0.25,sensors,brier,0.05,parity,0.6187499784615385,0.0029017857142857166,-0.18459820428571436,0.003652390092611313
sensors_0.25_0.25,sensors,surprisal,0.0,mean_seven,0.7633928475154815,0.0,-2.9544339929249652,0.013473904691636562
sensors_0.25_0.25,sensors,surprisal,0.0,U,0.6562499789401149,0.0,-2.9544339929249652,0.0037989551201462746
sensors_0.25_0.25,sensors,surprisal,0.0,V,0.6562499789401158,0.0,-2.9544339929249652,0.0037969639524817467
sensors_0.25_0.25,sensors,surprisal,0.0,parity,0.6249999831520927,0.0,-2.9544339929249652,0.0037039006128907204
sensors_0.25_0.25,sensors,surprisal,0.01,mean_seven,0.7626785618011959,0.0007419318798081731,-2.953692061045157,0.013477464206516743
sensors_0.25_0.25,sensors,surprisal,0.01,U,0.6546874789401161,0.0007419318798081731,-2.953692061045157,0.003862976096570492
sensors_0.25_0.25,sensors,surprisal,0.01,V,0.654687478940116,0.0007419318798081731,-2.953692061045157,0.003811105154454708
sensors_0.25_0.25,sensors,surprisal,0.01,parity,0.6237499831520926,0.0007419318798081731,-2.953692061045157,0.003718812018632889
sensors_0.25_0.25,sensors,surprisal,0.05,mean_seven,0.7598214189440528,0.0037096593990408656,-2.9507243335259243,0.01346038468182087
sensors_0.25_0.25,sensors,surprisal,0.05,U,0.6484374789401148,0.0037096593990408656,-2.9507243335259243,0.0038058236241340637
sensors_0.25_0.25,sensors,surprisal,0.05,V,0.6484374789401157,0.0037096593990408656,-2.9507243335259243,0.0038166148588061333
sensors_0.25_0.25,sensors,surprisal,0.05,parity,0.6187499831520925,0.0037096593990408656,-2.9507243335259243,0.0037197116762399673
sensors_0.25_0.25,sensors,first_visit,0.0,mean_seven,0.7633928514285715,0.0,-1.68749999,0.01316310465335846
sensors_0.25_0.25,sensors,first_visit,0.0,U,0.6562499875000001,0.0,-1.68749999,0.0038316259160637856
sensors_0.25_0.25,sensors,first_visit,0.0,V,0.6562499875000001,0.0,-1.68749999,0.0038024941459298134
sensors_0.25_0.25,sensors,first_visit,0.0,parity,0.6249999900000001,0.0,-1.68749999,0.0036937110126018524
sensors_0.25_0.25,sensors,first_visit,0.01,mean_seven,0.7626785657142857,0.00125,-1.68624999,0.013090343214571476
sensors_0.25_0.25,sensors,first_visit,0.01,U,0.6546874875000002,0.00125,-1.68624999,0.0038069235160946846
sensors_0.25_0.25,sensors,first_visit,0.01,V,0.6546874875000002,0.00125,-1.68624999,0.0038017546758055687
sensors_0.25_0.25,sensors,first_visit,0.01,parity,0.6237499900000003,0.00125,-1.68624999,0.0036682598292827606
sensors_0.25_0.25,sensors,first_visit,0.05,mean_seven,0.7598214228571428,0.00625,-1.68124999,0.01300335954874754
sensors_0.25_0.25,sensors,first_visit,0.05,U,0.6484374875000001,0.00625,-1.68124999,0.003819834440946579
sensors_0.25_0.25,sensors,first_visit,0.05,V,0.6484374875,0.00625,-1.68124999,0.0037868721410632133
sensors_0.25_0.25,sensors,first_visit,0.05,parity,0.61874999,0.00625,-1.68124999,0.003692309372127056
delayed_0.1_0.1,delayed,native_weighted,0.0,mean_seven,0.8914285184608051,0.0,0.02520001,0.9978381330147386
delayed_0.1_0.1,delayed,native_weighted,0.0,U,0.8999998958333331,0.0,0.02520001,0.4465908147394657
delayed_0.1_0.1,delayed,native_weighted,0.0,V,0.8999999738343925,0.0,0.02520001,0.9036388024687767
delayed_0.1_0.1,delayed,native_weighted,0.0,parity,0.8199999072327043,0.0,0.02520001,0.4900304200127721
delayed_0.1_0.1,delayed,native_weighted,0.01,mean_seven,0.8787056607564033,0.0024020000000000014,0.02760201,0.7722208760678768
delayed_0.1_0.1,delayed,native_weighted,0.01,U,0.8749790625000005,0.0024020000000000014,0.02760201,0.3865974321961403
delayed_0.1_0.1,delayed,native_weighted,0.01,V,0.893712015706806,0.0024020000000000014,0.02760201,0.9550414374098182
delayed_0.1_0.1,delayed,native_weighted,0.01,parity,0.7977172028301898,0.0024020000000000014,0.02760201,0.45607348904013634
delayed_0.1_0.1,delayed,native_weighted,0.05,mean_seven,0.8365726880669858,0.012010000000000007,0.03721001000000001,1.0304801631718874
delayed_0.1_0.1,delayed,native_weighted,0.05,U,0.7930821232876714,0.012010000000000007,0.03721001000000001,0.4022635333240032
delayed_0.1_0.1,delayed,native_weighted,0.05,V,0.8685601832460734,0.012010000000000007,0.03721001000000001,0.7289275759831071
delayed_0.1_0.1,delayed,native_weighted,0.05,parity,0.7239258740383365,0.012010000000000007,0.03721001000000001,0.37017269898205996
delayed_0.1_0.1,delayed,native_minimax,0.0,mean_seven,0.8545784881982312,0.0,0.07007589254701424,0.7126219654455781
delayed_0.1_0.1,delayed,native_minimax,0.0,U,0.8299241074529858,0.0,0.07007589254701424,0.2133191181346774
delayed_0.1_0.1,delayed,native_minimax,0.0,V,0.9019241074529859,0.0,0.07007589254701424,0.36864451318979263
delayed_0.1_0.1,delayed,native_minimax,0.0,parity,0.7553876433980073,0.0,0.07007589254701424,0.36189823038876057
delayed_0.1_0.1,delayed,native_minimax,0.01,mean_seven,0.8504886232144914,0.004019241174529862,0.0740951337215441,0.5654294053092599
delayed_0.1_0.1,delayed,native_minimax,0.01,U,0.8259048662784554,0.004019241174529862,0.0740951337215441,0.22513594198971987
delayed_0.1_0.1,delayed,native_minimax,0.01,V,0.8979048662784561,0.004019241174529862,0.0740951337215441,0.415935424156487
delayed_0.1_0.1,delayed,native_minimax,0.01,parity,0.7483780867896268,0.004019241174529862,0.0740951337215441,0.2621249035000801
delayed_0.1_0.1,delayed,native_minimax,0.05,mean_seven,0.8414832480261244,0.02009620587264931,0.09017209841966355,0.687527522444725
delayed_0.1_0.1,delayed,native_minimax,0.05,U,0.8098279015803364,0.02009620587264931,0.09017209841966355,0.20192520413547754
delayed_0.1_0.1,delayed,native_minimax,0.05,V,0.8818279015803367,0.02009620587264931,0.09017209841966355,0.3661412885412574
delayed_0.1_0.1,delayed,native_minimax,0.05,parity,0.7326332557533926,0.02009620587264931,0.09017209841966355,0.2594664040952921
delayed_0.1_0.1,delayed,information,0.0,mean_seven,0.8914285623528727,0.0,-1.0620088028214376,0.011756623163819313
delayed_0.1_0.1,delayed,information,0.0,U,0.8999999799590247,0.0,-1.0620088028214376,0.003805384039878845
delayed_0.1_0.1,delayed,information,0.0,V,0.8999999874969896,0.0,-1.0620088028214376,0.003850216045975685
delayed_0.1_0.1,delayed,information,0.0,parity,0.8199999839672197,0.0,-1.0620088028214376,0.0036984803155064583
delayed_0.1_0.1,delayed,information,0.01,mean_seven,0.8866093262287428,0.005310044064107189,-1.0566987587573304,0.011493935249745846
delayed_0.1_0.1,delayed,information,0.01,U,0.8893581336281388,0.005310044064107189,-1.0566987587573304,0.0037844330072402954
delayed_0.1_0.1,delayed,information,0.01,V,0.8933608339217861,0.005310044064107189,-1.0566987587573304,0.003814314492046833
delayed_0.1_0.1,delayed,information,0.01,parity,0.8114865069025109,0.005310044064107189,-1.0566987587573304,0.003651520237326622
delayed_0.1_0.1,delayed,information,0.05,mean_seven,0.8673323817322233,0.026550220320535944,-1.0354585825009017,0.011385181918740273
delayed_0.1_0.1,delayed,information,0.05,U,0.8467907483045938,0.026550220320535944,-1.0354585825009017,0.003720351494848728
delayed_0.1_0.1,delayed,information,0.05,V,0.8668042196209705,0.026550220320535944,-1.0354585825009017,0.003796713426709175
delayed_0.1_0.1,delayed,information,0.05,parity,0.7774325986436752,0.026550220320535944,-1.0354585825009017,0.0036761704832315445
delayed_0.1_0.1,delayed,brier,0.0,mean_seven,0.8914285622659962,0.0,-0.4223999900000001,0.01439968217164278
delayed_0.1_0.1,delayed,brier,0.0,U,0.8999999797671838,0.0,-0.4223999900000001,0.003653930500149727
delayed_0.1_0.1,delayed,brier,0.0,V,0.8999999824004123,0.0,-0.4223999900000001,0.003868136554956436
delayed_0.1_0.1,delayed,brier,0.0,parity,0.8199999838137474,0.0,-0.4223999900000001,0.003586296923458576
delayed_0.1_0.1,delayed,brier,0.01,mean_seven,0.8890243025257364,0.002624000000000001,-0.4197759900000001,0.012480344623327255
delayed_0.1_0.1,delayed,brier,0.01,U,0.8946908888580929,0.002624000000000001,-0.4197759900000001,0.003625708632171154
delayed_0.1_0.1,delayed,brier,0.01,V,0.8953818505322805,0.002624000000000001,-0.4197759900000001,0.0038547059521079063
delayed_0.1_0.1,delayed,brier,0.01,parity,0.8157527110864748,0.002624000000000001,-0.4197759900000001,0.003582707606256008
delayed_0.1_0.1,delayed,brier,0.05,mean_seven,0.8794072635646976,0.013120000000000005,-0.4092799900000001,0.012356430292129517
delayed_0.1_0.1,delayed,brier,0.05,U,0.8734545252217294,0.013120000000000005,-0.4092799900000001,0.00362284854054451
delayed_0.1_0.1,delayed,brier,0.05,V,0.8769093230597528,0.013120000000000005,-0.4092799900000001,0.0038679055869579315
delayed_0.1_0.1,delayed,brier,0.05,parity,0.7987636201773837,0.013120000000000005,-0.4092799900000001,0.0035895779728889465
delayed_0.1_0.1,delayed,surprisal,0.0,mean_seven,0.7,0.0,-2.99999999,0.013348101638257504
delayed_0.1_0.1,delayed,surprisal,0.0,U,0.5,0.0,-2.99999999,0.003697250969707966
delayed_0.1_0.1,delayed,surprisal,0.0,V,0.89999998749699,0.0,-2.99999999,0.0037661725655198097
delayed_0.1_0.1,delayed,surprisal,0.0,parity,0.5,0.0,-2.99999999,0.0036675799638032913
delayed_0.1_0.1,delayed,surprisal,0.01,mean_seven,0.7000000000000001,0.007305954885971122,-2.9926940351140288,0.012545677833259106
delayed_0.1_0.1,delayed,surprisal,0.01,U,0.49999999999999994,0.007305954885971122,-2.9926940351140288,0.004067571833729744
delayed_0.1_0.1,delayed,surprisal,0.01,V,0.8908653445607208,0.007305954885971122,-2.9926940351140288,0.004190625622868538
delayed_0.1_0.1,delayed,surprisal,0.01,parity,0.4999999999999999,0.007305954885971122,-2.9926940351140288,0.003964189440011978
delayed_0.1_0.1,delayed,surprisal,0.05,mean_seven,0.7000000000000001,0.03652977442985561,-2.9634702155701445,0.013016460463404655
delayed_0.1_0.1,delayed,surprisal,0.05,U,0.5,0.03652977442985561,-2.9634702155701445,0.003716232255101204
delayed_0.1_0.1,delayed,surprisal,0.05,V,0.8543267728156454,0.03652977442985561,-2.9634702155701445,0.003834705799818039
delayed_0.1_0.1,delayed,surprisal,0.05,parity,0.4999999999999999,0.03652977442985561,-2.9634702155701445,0.0036444691941142082
delayed_0.1_0.1,delayed,first_visit,0.0,mean_seven,0.7,0.0,-1.74999999,0.012767854146659374
delayed_0.1_0.1,delayed,first_visit,0.0,U,0.5,0.0,-1.74999999,0.003787914291024208
delayed_0.1_0.1,delayed,first_visit,0.0,V,0.6999999875000001,0.0,-1.74999999,0.0038094446063041687
delayed_0.1_0.1,delayed,first_visit,0.0,parity,0.5,0.0,-1.74999999,0.0035941684618592262
delayed_0.1_0.1,delayed,first_visit,0.01,mean_seven,0.7000000000000001,0.0048,-1.7451999900000001,0.012060161679983139
delayed_0.1_0.1,delayed,first_visit,0.01,U,0.5000000000000001,0.0048,-1.7451999900000001,0.003642469644546509
delayed_0.1_0.1,delayed,first_visit,0.01,V,0.6939999875000002,0.0048,-1.7451999900000001,0.0038464954122900963
delayed_0.1_0.1,delayed,first_visit,0.01,parity,0.5,0.0048,-1.7451999900000001,0.003624528646469116
delayed_0.1_0.1,delayed,first_visit,0.05,mean_seven,0.7000000000000001,0.024,-1.72599999,0.01191351842135191
delayed_0.1_0.1,delayed,first_visit,0.05,U,0.5000000000000001,0.024,-1.72599999,0.003616848960518837
delayed_0.1_0.1,delayed,first_visit,0.05,V,0.6699999875,0.024,-1.72599999,0.003815334290266037
delayed_0.1_0.1,delayed,first_visit,0.05,parity,0.5000000000000001,0.024,-1.72599999,0.003640349954366684
delayed_0.25_0.1,delayed,native_weighted,0.0,mean_seven,0.8142856445349604,0.0,0.026531260000000372,1.0077853817492723
delayed_0.25_0.1,delayed,native_weighted,0.0,U,0.7499998484848429,0.0,0.026531260000000372,0.3979022316634655
delayed_0.25_0.1,delayed,native_weighted,0.0,V,0.8999999729572755,0.0,0.026531260000000372,0.8988829301670194
delayed_0.25_0.1,delayed,native_weighted,0.0,parity,0.6999998718262,0.0,0.026531260000000372,0.6466557839885354
delayed_0.25_0.1,delayed,native_weighted,0.01,mean_seven,0.7976243696828602,0.002388687499999999,0.028919947500000372,1.017452352680266
delayed_0.25_0.1,delayed,native_weighted,0.01,U,0.7138076136363579,0.002388687499999999,0.028919947500000372,0.40400633588433266
delayed_0.25_0.1,delayed,native_weighted,0.01,V,0.8935403113390937,0.002388687499999999,0.028919947500000372,0.7688328651711345
delayed_0.25_0.1,delayed,native_weighted,0.01,parity,0.66938315763747,0.002388687499999999,0.028919947500000372,0.48510943073779345
delayed_0.25_0.1,delayed,native_weighted,0.05,mean_seven,0.747289657862151,0.011943437499999994,0.03847469750000037,1.1674494482576847
delayed_0.25_0.1,delayed,native_weighted,0.05,U,0.6083519726562471,0.011943437499999994,0.03847469750000037,0.35080500692129135
delayed_0.25_0.1,delayed,native_weighted,0.05,V,0.8677016648663674,0.011943437499999994,0.03847469750000037,0.8023513313382864
delayed_0.25_0.1,delayed,native_weighted,0.05,parity,0.5768882255709379,0.011943437499999994,0.03847469750000037,0.42716152127832174
delayed_0.25_0.1,delayed,native_minimax,0.0,mean_seven,0.7699246110511416,0.0,0.08538142470180313,0.6265079686418176
delayed_0.25_0.1,delayed,native_minimax,0.0,U,0.6724841484820459,0.0,0.08538142470180313,0.3322788504883647
delayed_0.25_0.1,delayed,native_minimax,0.0,V,0.8866185752981968,0.0,0.08538142470180313,0.6419601133093238
delayed_0.25_0.1,delayed,native_minimax,0.0,parity,0.6201343581494835,0.0,0.08538142470180313,0.39274473767727613
delayed_0.25_0.1,delayed,native_minimax,0.01,mean_seven,0.7673074720441623,0.0038661858529819705,0.0892476105547851,0.8011327339336276
delayed_0.25_0.1,delayed,native_minimax,0.01,U,0.6607523894452151,0.0038661858529819705,0.0892476105547851,0.21721611451357603
delayed_0.25_0.1,delayed,native_minimax,0.01,V,0.8827523894452148,0.0038661858529819705,0.0892476105547851,0.6312592821195722
delayed_0.25_0.1,delayed,native_minimax,0.01,parity,0.6140843002392604,0.0038661858529819705,0.0892476105547851,0.30609725415706635
delayed_0.25_0.1,delayed,native_minimax,0.05,mean_seven,0.7591671256786646,0.019330929264909855,0.10471235396671298,0.8523004706948996
delayed_0.25_0.1,delayed,native_minimax,0.05,U,0.6452876460332869,0.019330929264909855,0.10471235396671298,0.1876296466216445
delayed_0.25_0.1,delayed,native_minimax,0.05,V,0.8672876460332869,0.019330929264909855,0.10471235396671298,0.5095844371244311
delayed_0.25_0.1,delayed,native_minimax,0.05,parity,0.5991969072480444,0.019330929264909855,0.10471235396671298,0.3286037715151906
delayed_0.25_0.1,delayed,information,0.0,mean_seven,0.7102857132095866,0.0,-0.8624177206350443,0.013993371278047562
delayed_0.25_0.1,delayed,information,0.0,U,0.5000000000000001,0.0,-0.8624177206350443,0.003826235421001911
delayed_0.25_0.1,delayed,information,0.0,V,0.9719999911034038,0.0,-0.8624177206350443,0.003933277912437916
delayed_0.25_0.1,delayed,information,0.0,parity,0.5000000000000001,0.0,-0.8624177206350443,0.0036753304302692413
delayed_0.25_0.1,delayed,information,0.01,mean_seven,0.7097147844239297,0.005305399766283452,-0.8571123208687609,0.012434792704880238
delayed_0.25_0.1,delayed,information,0.01,U,0.5000000000000001,0.005305399766283452,-0.8571123208687609,0.003717070445418358
delayed_0.25_0.1,delayed,information,0.01,V,0.967279991103404,0.005305399766283452,-0.8571123208687609,0.003775922581553459
delayed_0.25_0.1,delayed,information,0.01,parity,0.5000000000000001,0.005305399766283452,-0.8571123208687609,0.003570736385881901
delayed_0.25_0.1,delayed,information,0.05,mean_seven,0.7074310692813025,0.02652699883141726,-0.835890721803627,0.012297680601477623
delayed_0.25_0.1,delayed,information,0.05,U,0.5000000000000001,0.02652699883141726,-0.835890721803627,0.003698932006955147
delayed_0.25_0.1,delayed,information,0.05,V,0.9483999911034037,0.02652699883141726,-0.835890721803627,0.0037868237122893333
delayed_0.25_0.1,delayed,information,0.05,parity,0.5000000000000001,0.02652699883141726,-0.835890721803627,0.0035957172513008118
delayed_0.25_0.1,delayed,brier,0.0,mean_seven,0.8142856867714899,0.0,-0.2624999900000001,0.011093104258179665
delayed_0.25_0.1,delayed,brier,0.0,U,0.7499999338600376,0.0,-0.2624999900000001,0.0037327716127038
delayed_0.25_0.1,delayed,brier,0.0,V,0.8999999753846155,0.0,-0.2624999900000001,0.0038384050130844116
delayed_0.25_0.1,delayed,brier,0.0,parity,0.6999999470880299,0.0,-0.2624999900000001,0.0036712000146508217
delayed_0.25_0.1,delayed,brier,0.01,mean_seven,0.8098146252703845,0.001625000000000001,-0.26087499000000014,0.011080462485551834
delayed_0.25_0.1,delayed,brier,0.01,U,0.7392521898669958,0.001625000000000001,-0.26087499000000014,0.003721511922776699
delayed_0.25_0.1,delayed,brier,0.01,V,0.8959999753846156,0.001625000000000001,-0.26087499000000014,0.003848145715892315
delayed_0.25_0.1,delayed,brier,0.01,parity,0.6914017518935962,0.001625000000000001,-0.26087499000000014,0.003663770854473114
delayed_0.25_0.1,delayed,brier,0.05,mean_seven,0.7919303792659631,0.008125000000000005,-0.25437499000000013,0.010989909991621971
delayed_0.25_0.1,delayed,brier,0.05,U,0.6962612138948288,0.008125000000000005,-0.25437499000000013,0.003707622177898884
delayed_0.25_0.1,delayed,brier,0.05,V,0.8799999753846156,0.008125000000000005,-0.25437499000000013,0.003814324736595154
delayed_0.25_0.1,delayed,brier,0.05,parity,0.657008971115863,0.008125000000000005,-0.25437499000000013,0.0036376388743519783
delayed_0.25_0.1,delayed,surprisal,0.0,mean_seven,0.6999999952972452,0.0,-2.99999999,0.011453614570200443
delayed_0.25_0.1,delayed,surprisal,0.0,U,0.5,0.0,-2.99999999,0.003759433515369892
delayed_0.25_0.1,delayed,surprisal,0.0,V,0.8999999122152432,0.0,-2.99999999,0.003869767300784588
delayed_0.25_0.1,delayed,surprisal,0.0,parity,0.5,0.0,-2.99999999,0.0036418503150343895
delayed_0.25_0.1,delayed,surprisal,0.01,mean_seven,0.6965641838111024,0.007305954885971122,-2.9926940351140288,0.011435912922024727
delayed_0.25_0.1,delayed,surprisal,0.01,U,0.49999999999999994,0.007305954885971122,-2.9926940351140288,0.003674941137433052
delayed_0.25_0.1,delayed,surprisal,0.01,V,0.8358647644739099,0.007305954885971122,-2.9926940351140288,0.0038954969495534897
delayed_0.25_0.1,delayed,surprisal,0.01,parity,0.4999999999999999,0.007305954885971122,-2.9926940351140288,0.0036462191492319107
delayed_0.25_0.1,delayed,surprisal,0.05,mean_seven,0.6828209378665315,0.03652977442985561,-2.9634702155701445,0.011537986807525158
delayed_0.25_0.1,delayed,surprisal,0.05,U,0.5,0.03652977442985561,-2.9634702155701445,0.003696541301906109
delayed_0.25_0.1,delayed,surprisal,0.05,V,0.5793241735085863,0.03652977442985561,-2.9634702155701445,0.003850005567073822
delayed_0.25_0.1,delayed,surprisal,0.05,parity,0.4999999999999999,0.03652977442985561,-2.9634702155701445,0.003674011677503586
delayed_0.25_0.1,delayed,first_visit,0.0,mean_seven,0.6999999965714286,0.0,-1.74999999,0.011856336146593094
delayed_0.25_0.1,delayed,first_visit,0.0,U,0.5000000000000001,0.0,-1.74999999,0.003641439601778984
delayed_0.25_0.1,delayed,first_visit,0.0,V,0.6999999680000003,0.0,-1.74999999,0.0039826491847634315
delayed_0.25_0.1,delayed,first_visit,0.0,parity,0.5,0.0,-1.74999999,0.003611828200519085
delayed_0.25_0.1,delayed,first_visit,0.01,mean_seven,0.6983542822857144,0.0048,-1.7451999900000001,0.011373541317880154
delayed_0.25_0.1,delayed,first_visit,0.01,U,0.5000000000000001,0.0048,-1.7451999900000001,0.003689160570502281
delayed_0.25_0.1,delayed,first_visit,0.01,V,0.6846399680000006,0.0048,-1.7451999900000001,0.0038584964349865913
delayed_0.25_0.1,delayed,first_visit,0.01,parity,0.5,0.0048,-1.7451999900000001,0.0035949675366282463
delayed_0.25_0.1,delayed,first_visit,0.05,mean_seven,0.6917714251428572,0.024,-1.72599999,0.011221266351640224
delayed_0.25_0.1,delayed,first_visit,0.05,U,0.5000000000000001,0.024,-1.72599999,0.0036673415452241898
delayed_0.25_0.1,delayed,first_visit,0.05,V,0.6231999680000002,0.024,-1.72599999,0.003908006474375725
delayed_0.25_0.1,delayed,first_visit,0.05,parity,0.5,0.024,-1.72599999,0.003621097654104233
irreversible_0.1_0.1,irreversible,native_weighted,0.0,mean_seven,0.7102857142857143,0.0,0.16000001000000005,1.0453008888289332
irreversible_0.1_0.1,irreversible,native_weighted,0.0,U,0.7359997999999985,0.0,0.16000001000000005,0.4857864808291197
irreversible_0.1_0.1,irreversible,native_weighted,0.0,V,0.7359997999999973,0.0,0.16000001000000005,0.7215049536898732
irreversible_0.1_0.1,irreversible,native_weighted,0.0,parity,0.5,0.0,0.16000001000000005,0.29845144506543875
irreversible_0.1_0.1,irreversible,native_weighted,0.01,mean_seven,0.7102857142857145,0.0003620000000000012,0.16036201000000005,0.6421092180535197
irreversible_0.1_0.1,irreversible,native_weighted,0.01,U,0.7287597999999975,0.0003620000000000012,0.16036201000000005,0.4896303564310074
irreversible_0.1_0.1,irreversible,native_weighted,0.01,V,0.7287597999999986,0.0003620000000000012,0.16036201000000005,0.699461231008172
irreversible_0.1_0.1,irreversible,native_weighted,0.01,parity,0.5,0.0003620000000000012,0.16036201000000005,0.28887003753334284
irreversible_0.1_0.1,irreversible,native_weighted,0.05,mean_seven,0.7102857142857145,0.001810000000000006,0.16181001000000006,0.49603631999343634
irreversible_0.1_0.1,irreversible,native_weighted,0.05,U,0.6998998999999985,0.001810000000000006,0.16181001000000006,0.5122083863243461
irreversible_0.1_0.1,irreversible,native_weighted,0.05,V,0.6998998999999995,0.001810000000000006,0.16181001000000006,0.5874730460345745
irreversible_0.1_0.1,irreversible,native_weighted,0.05,parity,0.5,0.001810000000000006,0.16181001000000006,0.29709385335445404
irreversible_0.1_0.1,irreversible,native_minimax,0.0,mean_seven,0.7102857142857143,0.0,0.23600000999999993,0.3245336692780256
irreversible_0.1_0.1,irreversible,native_minimax,0.0,U,0.7359999900000003,0.0,0.23600000999999993,0.33086937852203846
irreversible_0.1_0.1,irreversible,native_minimax,0.0,V,0.73599999,0.0,0.23600000999999993,0.2983861928805709
irreversible_0.1_0.1,irreversible,native_minimax,0.0,parity,0.5000000000000001,0.0,0.23600000999999993,0.2957535842433572
irreversible_0.1_0.1,irreversible,native_minimax,0.01,mean_seven,0.7102857142857143,0.002360000000000003,0.23836000999999993,0.33913323655724525
irreversible_0.1_0.1,irreversible,native_minimax,0.01,U,0.7336399900000004,0.002360000000000003,0.23836000999999993,0.3333228724077344
irreversible_0.1_0.1,irreversible,native_minimax,0.01,V,0.7336399899999998,0.002360000000000003,0.23836000999999993,0.30554272700101137
irreversible_0.1_0.1,irreversible,native_minimax,0.01,parity,0.4999999999999999,0.002360000000000003,0.23836000999999993,0.2818830171599984
irreversible_0.1_0.1,irreversible,native_minimax,0.05,mean_seven,0.7102857142857142,0.011800000000000017,0.24780000999999993,0.28860092908143997
irreversible_0.1_0.1,irreversible,native_minimax,0.05,U,0.7241999900000003,0.011800000000000017,0.24780000999999993,0.3587982077151537
irreversible_0.1_0.1,irreversible,native_minimax,0.05,V,0.7241999900000002,0.011800000000000017,0.24780000999999993,0.3081897171214223
irreversible_0.1_0.1,irreversible,native_minimax,0.05,parity,0.49999999999999994,0.011800000000000017,0.24780000999999993,0.2829030975699425
irreversible_0.1_0.1,irreversible,information,0.0,mean_seven,0.7102857142857143,0.0,-0.8624177206350443,0.011957299895584583
irreversible_0.1_0.1,irreversible,information,0.0,U,0.5000000000000001,0.0,-0.8624177206350443,0.003717922605574131
irreversible_0.1_0.1,irreversible,information,0.0,V,0.5000000000000001,0.0,-0.8624177206350443,0.0036348383873701096
irreversible_0.1_0.1,irreversible,information,0.0,parity,0.5000000000000001,0.0,-0.8624177206350443,0.003345300443470478
irreversible_0.1_0.1,irreversible,information,0.01,mean_seven,0.7102857142857143,1.1102230246251566e-18,-0.8624177206350443,0.011429362930357456
irreversible_0.1_0.1,irreversible,information,0.01,U,0.5000000000000001,1.1102230246251566e-18,-0.8624177206350443,0.00361555814743042
irreversible_0.1_0.1,irreversible,information,0.01,V,0.5000000000000001,1.1102230246251566e-18,-0.8624177206350443,0.003621188923716545
irreversible_0.1_0.1,irreversible,information,0.01,parity,0.5000000000000001,1.1102230246251566e-18,-0.8624177206350443,0.003351970575749874
irreversible_0.1_0.1,irreversible,information,0.05,mean_seven,0.7102857142857143,5.551115123125783e-18,-0.8624177206350443,0.011460685171186924
irreversible_0.1_0.1,irreversible,information,0.05,U,0.5000000000000001,5.551115123125783e-18,-0.8624177206350443,0.003605758771300316
irreversible_0.1_0.1,irreversible,information,0.05,V,0.5000000000000001,5.551115123125783e-18,-0.8624177206350443,0.003588097169995308
irreversible_0.1_0.1,irreversible,information,0.05,parity,0.5000000000000001,5.551115123125783e-18,-0.8624177206350443,0.0033280495554208755
irreversible_0.1_0.1,irreversible,brier,0.0,mean_seven,0.7102857142857143,0.0,-0.22470135986301376,0.011385532096028328
irreversible_0.1_0.1,irreversible,brier,0.0,U,0.5000000000000001,0.0,-0.22470135986301376,0.003634350374341011
irreversible_0.1_0.1,irreversible,brier,0.0,V,0.5000000000000001,0.0,-0.22470135986301376,0.003681071102619171
irreversible_0.1_0.1,irreversible,brier,0.0,parity,0.5000000000000001,0.0,-0.22470135986301376,0.0033310800790786743
irreversible_0.1_0.1,irreversible,brier,0.01,mean_seven,0.7102857142857143,0.0,-0.22470135986301376,0.011413452215492725
irreversible_0.1_0.1,irreversible,brier,0.01,U,0.5000000000000001,0.0,-0.22470135986301376,0.003629349172115326
irreversible_0.1_0.1,irreversible,brier,0.01,V,0.5000000000000001,0.0,-0.22470135986301376,0.0036681098863482475
irreversible_0.1_0.1,irreversible,brier,0.01,parity,0.5000000000000001,0.0,-0.22470135986301376,0.003322049044072628
irreversible_0.1_0.1,irreversible,brier,0.05,mean_seven,0.7102857142857143,0.0,-0.22470135986301376,0.011288629844784737
irreversible_0.1_0.1,irreversible,brier,0.05,U,0.5000000000000001,0.0,-0.22470135986301376,0.003632819280028343
irreversible_0.1_0.1,irreversible,brier,0.05,V,0.5000000000000001,0.0,-0.22470135986301376,0.003699660301208496
irreversible_0.1_0.1,irreversible,brier,0.05,parity,0.5000000000000001,0.0,-0.22470135986301376,0.003318239003419876
irreversible_0.1_0.1,irreversible,surprisal,0.0,mean_seven,0.7102857142857143,0.0,-2.269404501402888,0.011546596884727478
irreversible_0.1_0.1,irreversible,surprisal,0.0,U,0.5000000000000001,0.0,-2.269404501402888,0.0036056693643331528
irreversible_0.1_0.1,irreversible,surprisal,0.0,V,0.5000000000000001,0.0,-2.269404501402888,0.0036422694101929665
irreversible_0.1_0.1,irreversible,surprisal,0.0,parity,0.5000000000000001,0.0,-2.269404501402888,0.0033311406150460243
irreversible_0.1_0.1,irreversible,surprisal,0.01,mean_seven,0.7102857142857143,0.0,-2.269404501402888,0.011463364586234093
irreversible_0.1_0.1,irreversible,surprisal,0.01,U,0.5000000000000001,0.0,-2.269404501402888,0.0036330297589302063
irreversible_0.1_0.1,irreversible,surprisal,0.01,V,0.5000000000000001,0.0,-2.269404501402888,0.0036757709458470345
irreversible_0.1_0.1,irreversible,surprisal,0.01,parity,0.5000000000000001,0.0,-2.269404501402888,0.0033147092908620834
irreversible_0.1_0.1,irreversible,surprisal,0.05,mean_seven,0.7102857142857143,0.0,-2.269404501402888,0.011475704610347748
irreversible_0.1_0.1,irreversible,surprisal,0.05,U,0.5000000000000001,0.0,-2.269404501402888,0.0036093387752771378
irreversible_0.1_0.1,irreversible,surprisal,0.05,V,0.5000000000000001,0.0,-2.269404501402888,0.0036551393568515778
irreversible_0.1_0.1,irreversible,surprisal,0.05,parity,0.5000000000000001,0.0,-2.269404501402888,0.0033461106941103935
irreversible_0.1_0.1,irreversible,first_visit,0.0,mean_seven,0.7102857142857143,0.0,-1.2699999900000003,0.011263898573815823
irreversible_0.1_0.1,irreversible,first_visit,0.0,U,0.5000000000000001,0.0,-1.2699999900000003,0.003609089180827141
irreversible_0.1_0.1,irreversible,first_visit,0.0,V,0.5000000000000001,0.0,-1.2699999900000003,0.003590688109397888
irreversible_0.1_0.1,irreversible,first_visit,0.0,parity,0.5000000000000001,0.0,-1.2699999900000003,0.0033215591683983803
irreversible_0.1_0.1,irreversible,first_visit,0.01,mean_seven,0.7102857142857143,2.220446049250313e-18,-1.2699999900000003,0.011215867474675179
irreversible_0.1_0.1,irreversible,first_visit,0.01,U,0.5000000000000001,2.220446049250313e-18,-1.2699999900000003,0.0036012474447488785
irreversible_0.1_0.1,irreversible,first_visit,0.01,V,0.5000000000000001,2.220446049250313e-18,-1.2699999900000003,0.0035811476409435272
irreversible_0.1_0.1,irreversible,first_visit,0.01,parity,0.5000000000000001,2.220446049250313e-18,-1.2699999900000003,0.0033258292824029922
irreversible_0.1_0.1,irreversible,first_visit,0.05,mean_seven,0.7102857142857143,1.1102230246251566e-17,-1.2699999900000003,0.011194205842912197
irreversible_0.1_0.1,irreversible,first_visit,0.05,U,0.5000000000000001,1.1102230246251566e-17,-1.2699999900000003,0.0036404505372047424
irreversible_0.1_0.1,irreversible,first_visit,0.05,V,0.5000000000000001,1.1102230246251566e-17,-1.2699999900000003,0.0036041680723428726
irreversible_0.1_0.1,irreversible,first_visit,0.05,parity,0.5000000000000001,1.1102230246251566e-17,-1.2699999900000003,0.003343849442899227
irreversible_0.1_0.3,irreversible,native_weighted,0.0,mean_seven,0.7061888224896737,0.0,0.10273729813559315,0.7238476229831576
irreversible_0.1_0.3,irreversible,native_weighted,0.0,U,0.8999993058823547,0.0,0.10273729813559315,1.5832193363457918
irreversible_0.1_0.3,irreversible,native_weighted,0.0,V,0.543321963601276,0.0,0.10273729813559315,0.4519096342846751
irreversible_0.1_0.3,irreversible,native_weighted,0.0,parity,0.5000000000000003,0.0,0.10273729813559315,0.4724503308534622
irreversible_0.1_0.3,irreversible,native_weighted,0.01,mean_seven,0.7050222162765672,0.0009346271186440702,0.10367192525423723,0.6366914743557572
irreversible_0.1_0.3,irreversible,native_weighted,0.01,U,0.8794968222222221,0.0009346271186440702,0.10367192525423723,0.6625676825642586
irreversible_0.1_0.3,irreversible,native_weighted,0.01,V,0.5367518125692233,0.0009346271186440702,0.10367192525423723,0.476642987690866
irreversible_0.1_0.3,irreversible,native_weighted,0.01,parity,0.5000000000000002,0.0009346271186440702,0.10367192525423723,0.4620235385373235
irreversible_0.1_0.3,irreversible,native_weighted,0.05,mean_seven,0.702876796272842,0.0046731355932203514,0.10741043372881351,1.1350316144526005
irreversible_0.1_0.3,irreversible,native_weighted,0.05,U,0.8417922068376072,0.0046731355932203514,0.10741043372881351,0.8809510618448257
irreversible_0.1_0.3,irreversible,native_weighted,0.05,V,0.5104712084410138,0.0046731355932203514,0.10741043372881351,0.41357374284416437
irreversible_0.1_0.3,irreversible,native_weighted,0.05,parity,0.4999999999999999,0.0046731355932203514,0.10741043372881351,0.43163091503083706
irreversible_0.1_0.3,irreversible,native_minimax,0.0,mean_seven,0.7001965224846586,0.0,0.17731217931216936,0.41413099877536297
irreversible_0.1_0.3,irreversible,native_minimax,0.0,U,0.7946878206878307,0.0,0.17731217931216936,0.4127167174592614
irreversible_0.1_0.3,irreversible,native_minimax,0.0,V,0.6066878206878308,0.0,0.17731217931216936,0.34348335675895214
irreversible_0.1_0.3,irreversible,native_minimax,0.0,parity,0.49999999999999994,0.0,0.17731217931216936,0.3529507517814636
irreversible_0.1_0.3,irreversible,native_minimax,0.01,mean_seven,0.7000288429684076,0.0029468783068783097,0.18025905761904767,0.405013675801456
irreversible_0.1_0.3,irreversible,native_minimax,0.01,U,0.7917409423809525,0.0029468783068783097,0.18025905761904767,0.4550747890025377
irreversible_0.1_0.3,irreversible,native_minimax,0.01,V,0.6037409423809522,0.0029468783068783097,0.18025905761904767,0.3218286568298936
irreversible_0.1_0.3,irreversible,native_minimax,0.01,parity,0.5000000000000001,0.0029468783068783097,0.18025905761904767,0.4002313818782568
irreversible_0.1_0.3,irreversible,native_minimax,0.05,mean_seven,0.699358124903404,0.014734391534391548,0.1920465708465609,0.3794387970119715
irreversible_0.1_0.3,irreversible,native_minimax,0.05,U,0.779953429153439,0.014734391534391548,0.1920465708465609,0.43592751398682594
irreversible_0.1_0.3,irreversible,native_minimax,0.05,V,0.591953429153439,0.014734391534391548,0.1920465708465609,0.3104573357850313
irreversible_0.1_0.3,irreversible,native_minimax,0.05,parity,0.4999999999999999,0.014734391534391548,0.1920465708465609,0.39315871987491846
irreversible_0.1_0.3,irreversible,information,0.0,mean_seven,0.7102857138036189,0.0,-0.8624177206350442,0.011787413619458675
irreversible_0.1_0.3,irreversible,information,0.0,U,0.9719999915274313,0.0,-0.8624177206350442,0.0038086334243416786
irreversible_0.1_0.3,irreversible,information,0.0,V,0.5000000000000001,0.0,-0.8624177206350442,0.0036488594487309456
irreversible_0.1_0.3,irreversible,information,0.0,parity,0.5000000000000001,0.0,-0.8624177206350442,0.003384482115507126
irreversible_0.1_0.3,irreversible,information,0.01,mean_seven,0.7100171423750476,0.005570919601857278,-0.8568468010331869,0.011581928469240665
irreversible_0.1_0.3,irreversible,information,0.01,U,0.9672799915274315,0.005570919601857278,-0.8568468010331869,0.0036874208599328995
irreversible_0.1_0.3,irreversible,information,0.01,V,0.5000000000000001,0.005570919601857278,-0.8568468010331869,0.003604368306696415
irreversible_0.1_0.3,irreversible,information,0.01,parity,0.5000000000000001,0.005570919601857278,-0.8568468010331869,0.0033892719075083733
irreversible_0.1_0.3,irreversible,information,0.05,mean_seven,0.7089428566607617,0.027854598009286392,-0.8345631226257578,0.011422863230109215
irreversible_0.1_0.3,irreversible,information,0.05,U,0.9483999915274313,0.027854598009286392,-0.8345631226257578,0.0036870716139674187
irreversible_0.1_0.3,irreversible,information,0.05,V,0.5000000000000001,0.027854598009286392,-0.8345631226257578,0.00361837912350893
irreversible_0.1_0.3,irreversible,information,0.05,parity,0.5000000000000001,0.027854598009286392,-0.8345631226257578,0.003359820693731308
irreversible_0.1_0.3,irreversible,brier,0.0,mean_seven,0.7102857122515616,0.0,-0.22470135986301376,0.011403643526136875
irreversible_0.1_0.3,irreversible,brier,0.0,U,0.9719999642508474,0.0,-0.22470135986301376,0.00381267536431551
irreversible_0.1_0.3,irreversible,brier,0.0,V,0.5000000000000001,0.0,-0.22470135986301376,0.0036237193271517754
irreversible_0.1_0.3,irreversible,brier,0.0,parity,0.5000000000000001,0.0,-0.22470135986301376,0.003342590294778347
irreversible_0.1_0.3,irreversible,brier,0.01,mean_seven,0.7100171408229902,0.0013203109959274355,-0.22338104886708632,0.011434992775321007
irreversible_0.1_0.3,irreversible,brier,0.01,U,0.9672799642508474,0.0013203109959274355,-0.22338104886708632,0.0037159211933612823
irreversible_0.1_0.3,irreversible,brier,0.01,V,0.5000000000000001,0.0013203109959274355,-0.22338104886708632,0.0035996874794363976
irreversible_0.1_0.3,irreversible,brier,0.01,parity,0.5000000000000001,0.0013203109959274355,-0.22338104886708632,0.0033489204943180084
irreversible_0.1_0.3,irreversible,brier,0.05,mean_seven,0.7089428551087045,0.006601554979637177,-0.21809980488337657,0.011673840694129467
irreversible_0.1_0.3,irreversible,brier,0.05,U,0.9483999642508474,0.006601554979637177,-0.21809980488337657,0.003741001710295677
irreversible_0.1_0.3,irreversible,brier,0.05,V,0.5000000000000001,0.006601554979637177,-0.21809980488337657,0.0036545898765325546
irreversible_0.1_0.3,irreversible,brier,0.05,parity,0.5000000000000001,0.006601554979637177,-0.21809980488337657,0.0033416002988815308
irreversible_0.1_0.3,irreversible,surprisal,0.0,mean_seven,0.683428571823649,0.0,-2.9491984581413946,0.011491474695503712
irreversible_0.1_0.3,irreversible,surprisal,0.0,U,0.4999999999999999,0.0,-2.9491984581413946,0.0037332316860556602
irreversible_0.1_0.3,irreversible,surprisal,0.0,V,0.7839999958222637,0.0,-2.9491984581413946,0.003655688837170601
irreversible_0.1_0.3,irreversible,surprisal,0.0,parity,0.49999999999999994,0.0,-2.9491984581413946,0.003377951681613922
irreversible_0.1_0.3,irreversible,surprisal,0.01,mean_seven,0.6834285714285714,0.006797939567385067,-2.9424005185740096,0.011294669471681118
irreversible_0.1_0.3,irreversible,surprisal,0.01,U,0.4999999999999999,0.006797939567385067,-2.9424005185740096,0.0036187777295708656
irreversible_0.1_0.3,irreversible,surprisal,0.01,V,0.7811599958222636,0.006797939567385067,-2.9424005185740096,0.0036777304485440254
irreversible_0.1_0.3,irreversible,surprisal,0.01,parity,0.49999999999999994,0.006797939567385067,-2.9424005185740096,0.0033593308180570602
irreversible_0.1_0.3,irreversible,surprisal,0.05,mean_seven,0.6834285714285714,0.03398969783692534,-2.9152087603044694,0.011233526282012463
irreversible_0.1_0.3,irreversible,surprisal,0.05,U,0.4999999999999999,0.03398969783692534,-2.9152087603044694,0.003563476726412773
irreversible_0.1_0.3,irreversible,surprisal,0.05,V,0.7697999958222639,0.03398969783692534,-2.9152087603044694,0.003686291165649891
irreversible_0.1_0.3,irreversible,surprisal,0.05,parity,0.49999999999999994,0.03398969783692534,-2.9152087603044694,0.0033655213192105293
irreversible_0.1_0.3,irreversible,first_visit,0.0,mean_seven,0.6834285714285714,0.0,-1.62999999,0.011771324090659618
irreversible_0.1_0.3,irreversible,first_visit,0.0,U,0.4999999999999999,0.0,-1.62999999,0.003595958463847637
irreversible_0.1_0.3,irreversible,first_visit,0.0,V,0.7839999921111109,0.0,-1.62999999,0.0036700796335935593
irreversible_0.1_0.3,irreversible,first_visit,0.0,parity,0.49999999999999983,0.0,-1.62999999,0.0033552609384059906
irreversible_0.1_0.3,irreversible,first_visit,0.01,mean_seven,0.6834285714285714,0.003599999999999999,-1.62639999,0.011188356205821037
irreversible_0.1_0.3,irreversible,first_visit,0.01,U,0.4999999999999999,0.003599999999999999,-1.62639999,0.0035706572234630585
irreversible_0.1_0.3,irreversible,first_visit,0.01,V,0.781159992111111,0.003599999999999999,-1.62639999,0.003690180368721485
irreversible_0.1_0.3,irreversible,first_visit,0.01,parity,0.4999999999999999,0.003599999999999999,-1.62639999,0.0033523403108119965
irreversible_0.1_0.3,irreversible,first_visit,0.05,mean_seven,0.6834285714285714,0.017999999999999995,-1.61199999,0.01104574091732502
irreversible_0.1_0.3,irreversible,first_visit,0.05,U,0.4999999999999999,0.017999999999999995,-1.61199999,0.0035753874108195305
irreversible_0.1_0.3,irreversible,first_visit,0.05,V,0.7697999921111112,0.017999999999999995,-1.61199999,0.003684530034661293
irreversible_0.1_0.3,irreversible,first_visit,0.05,parity,0.4999999999999999,0.017999999999999995,-1.61199999,0.0034240921959280968
hmm_91501_0.2,hmm,native_weighted,0.0,mean_seven,0.8620062775754906,0.0,0.032439550432524715,4.066292333416641
hmm_91501_0.2,hmm,native_weighted,0.0,U,0.8076339978465163,0.0,0.032439550432524715,2.4143997840583324
hmm_91501_0.2,hmm,native_weighted,0.0,V,0.8084793583649429,0.0,0.032439550432524715,2.3958543771877885
hmm_91501_0.2,hmm,native_weighted,0.0,parity,0.8991528617464998,0.0,0.032439550432524715,2.1438000444322824
hmm_91501_0.2,hmm,native_weighted,0.01,mean_seven,0.8539328984825492,0.0014060688766219804,0.033845619309146695,4.353863220661879
hmm_91501_0.2,hmm,native_weighted,0.01,U,0.7932012121203538,0.0014060688766219804,0.033845619309146695,2.058442601002753
hmm_91501_0.2,hmm,native_weighted,0.01,V,0.7968544274999776,0.0014060688766219804,0.033845619309146695,2.771772368811071
hmm_91501_0.2,hmm,native_weighted,0.01,parity,0.8911307859775142,0.0014060688766219804,0.033845619309146695,1.8473845021799207
hmm_91501_0.2,hmm,native_weighted,0.05,mean_seven,0.8415499133596759,0.007030344383109902,0.039469894815634614,3.85324371419847
hmm_91501_0.2,hmm,native_weighted,0.05,U,0.7703349978274017,0.007030344383109902,0.039469894815634614,1.8322376860305667
hmm_91501_0.2,hmm,native_weighted,0.05,V,0.7718927009284011,0.007030344383109902,0.039469894815634614,2.3537934329360723
hmm_91501_0.2,hmm,native_weighted,0.05,parity,0.8798852000205403,0.007030344383109902,0.039469894815634614,1.7625797539949417
hmm_91501_0.2,hmm,native_minimax,0.0,mean_seven,0.8609749073410562,0.0,0.08352296402351274,2.2056504944339395
hmm_91501_0.2,hmm,native_minimax,0.0,U,0.8147205336618208,0.0,0.08352296402351274,1.0756562193855643
hmm_91501_0.2,hmm,native_minimax,0.0,V,0.8050568460852114,0.0,0.08352296402351274,1.2631380623206496
hmm_91501_0.2,hmm,native_minimax,0.0,parity,0.8928344633738152,0.0,0.08352296402351274,0.8127049515023828
hmm_91501_0.2,hmm,native_minimax,0.01,mean_seven,0.8532817253825081,0.0026075312966251265,0.08613049532013786,1.644250930286944
hmm_91501_0.2,hmm,native_minimax,0.01,U,0.8035377201938623,0.0026075312966251265,0.08613049532013786,0.9252050714567304
hmm_91501_0.2,hmm,native_minimax,0.01,V,0.7909988255534639,0.0026075312966251265,0.08613049532013786,0.8738866485655308
hmm_91501_0.2,hmm,native_minimax,0.01,parity,0.8838938012397324,0.0026075312966251265,0.08613049532013786,1.207372467033565
hmm_91501_0.2,hmm,native_minimax,0.05,mean_seven,0.840858740601001,0.013037656483125631,0.09656062050663837,1.535692979581654
hmm_91501_0.2,hmm,native_minimax,0.05,U,0.7813182383459971,0.013037656483125631,0.09656062050663837,0.8024731650948524
hmm_91501_0.2,hmm,native_minimax,0.05,V,0.7692753212047593,0.013037656483125631,0.09656062050663837,1.1236245511099696
hmm_91501_0.2,hmm,native_minimax,0.05,parity,0.8751476928126992,0.013037656483125631,0.09656062050663837,1.0831018835306168
hmm_91501_0.2,hmm,information,0.0,mean_seven,0.8565052105399248,0.0,-1.116187750667375,0.015552017837762833
hmm_91501_0.2,hmm,information,0.0,U,0.7986999862927009,0.0,-1.116187750667375,0.004101403057575226
hmm_91501_0.2,hmm,information,0.0,V,0.80607090258753,0.0,-1.116187750667375,0.0042335269972682
hmm_91501_0.2,hmm,information,0.0,parity,0.8902514352045983,0.0,-1.116187750667375,0.004036961123347282
hmm_91501_0.2,hmm,information,0.01,mean_seven,0.8546782011819536,0.0049116148016006755,-1.1112761358657743,0.014959458261728287
hmm_91501_0.2,hmm,information,0.01,U,0.794786731013081,0.0049116148016006755,-1.1112761358657743,0.0039059575647115707
hmm_91501_0.2,hmm,information,0.01,V,0.8024221980732398,0.0049116148016006755,-1.1112761358657743,0.004022211767733097
hmm_91501_0.2,hmm,information,0.01,parity,0.8888842102614299,0.0049116148016006755,-1.1112761358657743,0.0039009666070342064
hmm_91501_0.2,hmm,information,0.05,mean_seven,0.8473701639407516,0.02455807400800338,-1.0916296766593716,0.015066142193973064
hmm_91501_0.2,hmm,information,0.05,U,0.7791337098946008,0.02455807400800338,-1.0916296766593716,0.003966868855059147
hmm_91501_0.2,hmm,information,0.05,V,0.7878273812665824,0.02455807400800338,-1.0916296766593716,0.004046180285513401
hmm_91501_0.2,hmm,information,0.05,parity,0.8834153117212775,0.02455807400800338,-1.0916296766593716,0.00394710898399353
hmm_91501_0.2,hmm,brier,0.0,mean_seven,0.8746375138609376,0.0,-0.40930910045935465,0.013311449438333511
hmm_91501_0.2,hmm,brier,0.0,U,0.827938368501918,0.0,-0.40930910045935465,0.003872736357152462
hmm_91501_0.2,hmm,brier,0.0,V,0.8224880827871672,0.0,-0.40930910045935465,0.004024190828204155
hmm_91501_0.2,hmm,brier,0.0,parity,0.909646329590927,0.0,-0.40930910045935465,0.003934219479560852
hmm_91501_0.2,hmm,brier,0.01,mean_seven,0.8692079239771903,0.00238460998017873,-0.4069244904791759,0.012853475287556648
hmm_91501_0.2,hmm,brier,0.01,U,0.8191831425198457,0.00238460998017873,-0.4069244904791759,0.003842884674668312
hmm_91501_0.2,hmm,brier,0.01,V,0.8175720755172645,0.00238460998017873,-0.4069244904791759,0.003950068727135658
hmm_91501_0.2,hmm,brier,0.01,parity,0.9038386653147857,0.00238460998017873,-0.4069244904791759,0.0038498342037200928
hmm_91501_0.2,hmm,brier,0.05,mean_seven,0.8534607601337244,0.01192304990089365,-0.397386050558461,0.0158355962485075
hmm_91501_0.2,hmm,brier,0.05,U,0.7921791046683497,0.01192304990089365,-0.397386050558461,0.004151094704866409
hmm_91501_0.2,hmm,brier,0.05,V,0.7999908572788014,0.01192304990089365,-0.397386050558461,0.0039566392078995705
hmm_91501_0.2,hmm,brier,0.05,parity,0.886237544482164,0.01192304990089365,-0.397386050558461,0.003991700708866119
hmm_91501_0.2,hmm,surprisal,0.0,mean_seven,0.8565052047954905,0.0,-2.8164377477580174,0.014607058838009834
hmm_91501_0.2,hmm,surprisal,0.0,U,0.7986999811982346,0.0,-2.8164377477580174,0.004017790779471397
hmm_91501_0.2,hmm,surprisal,0.0,V,0.8060708902500061,0.0,-2.8164377477580174,0.004052051343023777
hmm_91501_0.2,hmm,surprisal,0.0,parity,0.8902514363664504,0.0,-2.8164377477580174,0.003955909051001072
hmm_91501_0.2,hmm,surprisal,0.01,mean_seven,0.8474905128676296,0.009573256335506396,-2.806864491422511,0.014580748043954372
hmm_91501_0.2,hmm,surprisal,0.01,U,0.7861955702206929,0.009573256335506396,-2.806864491422511,0.0040049199014902115
hmm_91501_0.2,hmm,surprisal,0.01,V,0.787447437240988,0.009573256335506396,-2.806864491422511,0.004025370813906193
hmm_91501_0.2,hmm,surprisal,0.01,parity,0.888944879873685,0.009573256335506396,-2.806864491422511,0.003871666267514229
hmm_91501_0.2,hmm,surprisal,0.05,mean_seven,0.8320557891022976,0.04786628167753198,-2.7685714660804854,0.014365640468895435
hmm_91501_0.2,hmm,surprisal,0.05,U,0.7554031994000701,0.04786628167753198,-2.7685714660804854,0.0038976967334747314
hmm_91501_0.2,hmm,surprisal,0.05,V,0.7582652264374233,0.04786628167753198,-2.7685714660804854,0.003859355114400387
hmm_91501_0.2,hmm,surprisal,0.05,parity,0.8837186541071219,0.04786628167753198,-2.7685714660804854,0.0038550756871700287
hmm_91501_0.2,hmm,first_visit,0.0,mean_seven,0.7653657245109624,0.0,-1.8052961196314299,0.0147843137383461
hmm_91501_0.2,hmm,first_visit,0.0,U,0.6348123982005912,0.0,-1.8052961196314299,0.003919167444109917
hmm_91501_0.2,hmm,first_visit,0.0,V,0.6238386557591851,0.0,-1.8052961196314299,0.004070793278515339
hmm_91501_0.2,hmm,first_visit,0.0,parity,0.8902514336632733,0.0,-1.8052961196314299,0.003976008854806423
hmm_91501_0.2,hmm,first_visit,0.01,mean_seven,0.7647552445985044,0.0058779693253853665,-1.7994181503060445,0.014870736747980118
hmm_91501_0.2,hmm,first_visit,0.01,U,0.6334249377423999,0.0058779693253853665,-1.7994181503060445,0.003822995349764824
hmm_91501_0.2,hmm,first_visit,0.01,V,0.6232093953507507,0.0058779693253853665,-1.7994181503060445,0.003922507166862488
hmm_91501_0.2,hmm,first_visit,0.01,parity,0.8878903409391838,0.0058779693253853665,-1.7994181503060445,0.003825775347650051
hmm_91501_0.2,hmm,first_visit,0.05,mean_seven,0.76297538999122,0.02938984662692683,-1.775906273004503,0.01524890772998333
hmm_91501_0.2,hmm,first_visit,0.05,U,0.6301750937201979,0.02938984662692683,-1.775906273004503,0.003918907605111599
hmm_91501_0.2,hmm,first_visit,0.05,V,0.6206923537919771,0.02938984662692683,-1.775906273004503,0.0039014676585793495
hmm_91501_0.2,hmm,first_visit,0.05,parity,0.8784459700428258,0.02938984662692683,-1.775906273004503,0.0038464153185486794
hmm_91502_1.0,hmm,native_weighted,0.0,mean_seven,0.6868920269560708,0.0,0.020559050447906162,2.267221433110535
hmm_91502_1.0,hmm,native_weighted,0.0,U,0.6147422247274067,0.0,0.020559050447906162,1.7026630034670234
hmm_91502_1.0,hmm,native_weighted,0.0,V,0.5997872412812841,0.0,0.020559050447906162,1.9690910270437598
hmm_91502_1.0,hmm,native_weighted,0.0,parity,0.5875679068469133,0.0,0.020559050447906162,1.9175910400226712
hmm_91502_1.0,hmm,native_weighted,0.01,mean_seven,0.6854712963148348,0.0005466304885352127,0.021105680936441374,2.401819915510714
hmm_91502_1.0,hmm,native_weighted,0.01,U,0.6096152729316222,0.0005466304885352127,0.021105680936441374,1.6710131941363215
hmm_91502_1.0,hmm,native_weighted,0.01,V,0.5932197616236318,0.0005466304885352127,0.021105680936441374,1.6774101862683892
hmm_91502_1.0,hmm,native_weighted,0.01,parity,0.5824915733486995,0.0005466304885352127,0.021105680936441374,2.1878466280177236
hmm_91502_1.0,hmm,native_weighted,0.05,mean_seven,0.682521751590383,0.0027331524426760638,0.023292202890582227,3.3643865194171667
hmm_91502_1.0,hmm,native_weighted,0.05,U,0.6029262556117265,0.0027331524426760638,0.023292202890582227,1.390607320703566
hmm_91502_1.0,hmm,native_weighted,0.05,V,0.5813218531379954,0.0027331524426760638,0.023292202890582227,1.6077405223622918
hmm_91502_1.0,hmm,native_weighted,0.05,parity,0.5717480454303222,0.0027331524426760638,0.023292202890582227,1.801842383109033
hmm_91502_1.0,hmm,native_minimax,0.0,mean_seven,0.6876088088581181,0.0,0.05530583498697093,0.8874801779165864
hmm_91502_1.0,hmm,native_minimax,0.0,U,0.6162151929147843,0.0,0.05530583498697093,0.9346740450710058
hmm_91502_1.0,hmm,native_minimax,0.0,V,0.5991980875937369,0.0,0.05530583498697093,0.6931066801771522
hmm_91502_1.0,hmm,native_minimax,0.0,parity,0.5920664855955264,0.0,0.05530583498697093,0.7291911235079169
hmm_91502_1.0,hmm,native_minimax,0.01,mean_seven,0.6864636387126989,0.0013704255042188487,0.056676260491189775,2.09307081066072
hmm_91502_1.0,hmm,native_minimax,0.01,U,0.6106842747252959,0.0013704255042188487,0.056676260491189775,0.6577402474358678
hmm_91502_1.0,hmm,native_minimax,0.01,V,0.5967143050990399,0.0013704255042188487,0.056676260491189775,1.027115922421217
hmm_91502_1.0,hmm,native_minimax,0.01,parity,0.5903562306241185,0.0013704255042188487,0.056676260491189775,0.6459692642092705
hmm_91502_1.0,hmm,native_minimax,0.05,mean_seven,0.6840965135762921,0.006852127521094244,0.06215796250806517,1.1691362485289574
hmm_91502_1.0,hmm,native_minimax,0.05,U,0.5981376755240005,0.006852127521094244,0.06215796250806517,0.6297295959666371
hmm_91502_1.0,hmm,native_minimax,0.05,V,0.5904594793753151,0.006852127521094244,0.06215796250806517,0.6459500724449754
hmm_91502_1.0,hmm,native_minimax,0.05,parity,0.5860201441015176,0.006852127521094244,0.06215796250806517,0.7153475666418672
hmm_91502_1.0,hmm,information,0.0,mean_seven,0.6891401816306916,0.0,-0.14902352874864816,0.017171806655824184
hmm_91502_1.0,hmm,information,0.0,U,0.5961941695706667,0.0,-0.14902352874864816,0.003999260254204273
hmm_91502_1.0,hmm,information,0.0,V,0.6120172459897333,0.0,-0.14902352874864816,0.004088962450623512
hmm_91502_1.0,hmm,information,0.0,parity,0.6106921080628263,0.0,-0.14902352874864816,0.00405375100672245
hmm_91502_1.0,hmm,information,0.01,mean_seven,0.6889155713232179,0.0005119604271106519,-0.1485115683215375,0.016693120822310448
hmm_91502_1.0,hmm,information,0.01,U,0.5939053468891902,0.0005119604271106519,-0.1485115683215375,0.003920478746294975
hmm_91502_1.0,hmm,information,0.01,V,0.6110372801948301,0.0005119604271106519,-0.1485115683215375,0.004108554683625698
hmm_91502_1.0,hmm,information,0.01,parity,0.6093563778846577,0.0005119604271106519,-0.1485115683215375,0.004061772488057613
hmm_91502_1.0,hmm,information,0.05,mean_seven,0.6880171300933239,0.0025598021355532595,-0.1464637266130949,0.016765744425356388
hmm_91502_1.0,hmm,information,0.05,U,0.584750056163284,0.0025598021355532595,-0.1464637266130949,0.0039051882922649384
hmm_91502_1.0,hmm,information,0.05,V,0.6071174170152174,0.0025598021355532595,-0.1464637266130949,0.004162715747952461
hmm_91502_1.0,hmm,information,0.05,parity,0.6040134571719835,0.0025598021355532595,-0.1464637266130949,0.004060802049934864
hmm_91502_1.0,hmm,brier,0.0,mean_seven,0.6907926420924536,0.0,-0.04691834223431971,0.016749093309044838
hmm_91502_1.0,hmm,brier,0.0,U,0.6003014391929994,0.0,-0.04691834223431971,0.004037762060761452
hmm_91502_1.0,hmm,brier,0.0,V,0.6120171073011358,0.0,-0.04691834223431971,0.004039951600134373
hmm_91502_1.0,hmm,brier,0.0,parity,0.6106920483159433,0.0,-0.04691834223431971,0.004084873013198376
hmm_91502_1.0,hmm,brier,0.01,mean_seven,0.6905420633401945,0.0001522975017300955,-0.046766044732589614,0.016696760430932045
hmm_91502_1.0,hmm,brier,0.01,U,0.5981163406782462,0.0001522975017300955,-0.046766044732589614,0.004048201255500317
hmm_91502_1.0,hmm,brier,0.01,V,0.6096133953173122,0.0001522975017300955,-0.046766044732589614,0.003972899168729782
hmm_91502_1.0,hmm,brier,0.01,parity,0.6093847664686195,0.0001522975017300955,-0.046766044732589614,0.0040350304916501045
hmm_91502_1.0,hmm,brier,0.05,mean_seven,0.6895397483311579,0.0007614875086504776,-0.04615685472566924,0.01669573225080967
hmm_91502_1.0,hmm,brier,0.05,U,0.5893759466192329,0.0007614875086504776,-0.04615685472566924,0.003977159038186073
hmm_91502_1.0,hmm,brier,0.05,V,0.5999985473820184,0.0007614875086504776,-0.04615685472566924,0.003963098861277103
hmm_91502_1.0,hmm,brier,0.05,parity,0.6041556390793247,0.0007614875086504776,-0.04615685472566924,0.003995929844677448
hmm_91502_1.0,hmm,surprisal,0.0,mean_seven,0.6899517618813052,0.0,-2.99110352422593,0.016607039608061314
hmm_91502_1.0,hmm,surprisal,0.0,U,0.5747804406062926,0.0,-2.99110352422593,0.004165485501289368
hmm_91502_1.0,hmm,surprisal,0.0,V,0.6196896898034745,0.0,-2.99110352422593,0.004221657291054726
hmm_91502_1.0,hmm,surprisal,0.0,parity,0.622654573466508,0.0,-2.99110352422593,0.004117503762245178
hmm_91502_1.0,hmm,surprisal,0.01,mean_seven,0.6892415004429643,0.001682061951511753,-2.9894214622744184,0.016548466868698597
hmm_91502_1.0,hmm,surprisal,0.01,U,0.5747804406062926,0.001682061951511753,-2.9894214622744184,0.004068112000823021
hmm_91502_1.0,hmm,surprisal,0.01,V,0.6171137140369363,0.001682061951511753,-2.9894214622744184,0.004226546734571457
hmm_91502_1.0,hmm,surprisal,0.01,parity,0.6200188314769642,0.001682061951511753,-2.9894214622744184,0.004157073795795441
hmm_91502_1.0,hmm,surprisal,0.05,mean_seven,0.6864004546896018,0.008410309757558765,-2.9826932144683713,0.016561176627874374
hmm_91502_1.0,hmm,surprisal,0.05,U,0.5747804406062926,0.008410309757558765,-2.9826932144683713,0.00405817199498415
hmm_91502_1.0,hmm,surprisal,0.05,V,0.6068098109707819,0.008410309757558765,-2.9826932144683713,0.004199606366455555
hmm_91502_1.0,hmm,surprisal,0.05,parity,0.6094758635187886,0.008410309757558765,-2.9826932144683713,0.004110304638743401
hmm_91502_1.0,hmm,first_visit,0.0,mean_seven,0.6847121542705861,0.0,-1.782771080742001,0.016243398189544678
hmm_91502_1.0,hmm,first_visit,0.0,U,0.6040509348103464,0.0,-1.782771080742001,0.0043068984523415565
hmm_91502_1.0,hmm,first_visit,0.0,V,0.5952023970815639,0.0,-1.782771080742001,0.004180486313998699
hmm_91502_1.0,hmm,first_visit,0.0,parity,0.5699239420518182,0.0,-1.782771080742001,0.003972790203988552
hmm_91502_1.0,hmm,first_visit,0.01,mean_seven,0.6831113518802937,0.0017514779847734774,-1.7810196027572276,0.016019620932638645
hmm_91502_1.0,hmm,first_visit,0.01,U,0.5962774403426557,0.0017514779847734774,-1.7810196027572276,0.004264958202838898
hmm_91502_1.0,hmm,first_visit,0.01,V,0.5860617890572418,0.0017514779847734774,-1.7810196027572276,0.00422245729714632
hmm_91502_1.0,hmm,first_visit,0.01,parity,0.5691001738350254,0.0017514779847734774,-1.7810196027572276,0.003936118446290493
hmm_91502_1.0,hmm,first_visit,0.05,mean_seven,0.6812944198336625,0.008757389923867388,-1.7740136908181336,0.01626069750636816
hmm_91502_1.0,hmm,first_visit,0.05,U,0.5865200280116027,0.008757389923867388,-1.7740136908181336,0.004093712195754051
hmm_91502_1.0,hmm,first_visit,0.05,V,0.5763098574586528,0.008757389923867388,-1.7740136908181336,0.003963449038565159
hmm_91502_1.0,hmm,first_visit,0.05,parity,0.5658051009678544,0.008757389923867388,-1.7740136908181336,0.003970409743487835
hmm_91503_5.0,hmm,native_weighted,0.0,mean_seven,0.6886060901490101,0.0,0.01700044971031244,2.4792121797800064
hmm_91503_5.0,hmm,native_weighted,0.0,U,0.6958559590330169,0.0,0.01700044971031244,2.0514669325202703
hmm_91503_5.0,hmm,native_weighted,0.0,V,0.547400069617238,0.0,0.01700044971031244,1.6931912396103144
hmm_91503_5.0,hmm,native_weighted,0.0,parity,0.5714613775077831,0.0,0.01700044971031244,1.8129757484421134
hmm_91503_5.0,hmm,native_weighted,0.01,mean_seven,0.6869597826046235,0.000862616119280525,0.017863065829592968,2.7189238909631968
hmm_91503_5.0,hmm,native_weighted,0.01,U,0.68619679548417,0.000862616119280525,0.017863065829592968,1.6433771941810846
hmm_91503_5.0,hmm,native_weighted,0.01,V,0.5435629667780859,0.000862616119280525,0.017863065829592968,1.4552630428224802
hmm_91503_5.0,hmm,native_weighted,0.01,parity,0.5656127911764077,0.000862616119280525,0.017863065829592968,1.9762705424800515
hmm_91503_5.0,hmm,native_weighted,0.05,mean_seven,0.6845966330856251,0.004313080596402625,0.021313530306715067,3.0342724323272705
hmm_91503_5.0,hmm,native_weighted,0.05,U,0.6731169974234219,0.004313080596402625,0.021313530306715067,1.4328871201723814
hmm_91503_5.0,hmm,native_weighted,0.05,V,0.5392078956474692,0.004313080596402625,0.021313530306715067,1.2887656223028898
hmm_91503_5.0,hmm,native_weighted,0.05,parity,0.5578929375085038,0.004313080596402625,0.021313530306715067,1.5743456799536943
hmm_91503_5.0,hmm,native_minimax,0.0,mean_seven,0.6874648686651442,0.0,0.05270085058808537,1.1278816796839237
hmm_91503_5.0,hmm,native_minimax,0.0,U,0.6945208181452227,0.0,0.05270085058808537,0.7960440423339605
hmm_91503_5.0,hmm,native_minimax,0.0,V,0.5447636982675401,0.0,0.05270085058808537,0.6593023333698511
hmm_91503_5.0,hmm,native_minimax,0.0,parity,0.5680829210437145,0.0,0.05270085058808537,0.6926737474277616
hmm_91503_5.0,hmm,native_minimax,0.01,mean_seven,0.6860368536868809,0.0017347662982677664,0.054435616886353136,1.3812144082039595
hmm_91503_5.0,hmm,native_minimax,0.01,U,0.6882514232396542,0.0017347662982677664,0.054435616886353136,0.7023322759196162
hmm_91503_5.0,hmm,native_minimax,0.01,V,0.5409942402238754,0.0017347662982677664,0.054435616886353136,0.5296500083059072
hmm_91503_5.0,hmm,native_minimax,0.01,parity,0.5622870782649297,0.0017347662982677664,0.054435616886353136,0.7779261581599712
hmm_91503_5.0,hmm,native_minimax,0.05,mean_seven,0.6845624719905798,0.008673831491338832,0.0613746820794242,1.427122537046671
hmm_91503_5.0,hmm,native_minimax,0.05,U,0.6827650741339706,0.008673831491338832,0.0613746820794242,0.7165918545797467
hmm_91503_5.0,hmm,native_minimax,0.05,V,0.5392183574913865,0.008673831491338832,0.0613746820794242,0.6173381730914116
hmm_91503_5.0,hmm,native_minimax,0.05,parity,0.5566030850763708,0.008673831491338832,0.0613746820794242,0.6794926915317774
hmm_91503_5.0,hmm,information,0.0,mean_seven,0.6931639636216483,0.0,-0.2186282831022293,0.017457653768360615
hmm_91503_5.0,hmm,information,0.0,U,0.7248160979510969,0.0,-0.2186282831022293,0.004182556644082069
hmm_91503_5.0,hmm,information,0.0,V,0.5536693811646023,0.0,-0.2186282831022293,0.004070873372256756
hmm_91503_5.0,hmm,information,0.0,parity,0.5472358516896384,0.0,-0.2186282831022293,0.004090063273906708
hmm_91503_5.0,hmm,information,0.01,mean_seven,0.692820804538999,0.0011099463694068641,-0.21751833673282242,0.017037861980497837
hmm_91503_5.0,hmm,information,0.01,U,0.7230443664418478,0.0011099463694068641,-0.21751833673282242,0.004087402485311031
hmm_91503_5.0,hmm,information,0.01,V,0.5531198350271695,0.0011099463694068641,-0.21751833673282242,0.004197645932435989
hmm_91503_5.0,hmm,information,0.01,parity,0.5472358516896384,0.0011099463694068641,-0.21751833673282242,0.004076272249221802
hmm_91503_5.0,hmm,information,0.05,mean_seven,0.6914481682084014,0.005549731847034321,-0.21307855125519495,0.016949809156358242
hmm_91503_5.0,hmm,information,0.05,U,0.7159574404048511,0.005549731847034321,-0.21307855125519495,0.004110824316740036
hmm_91503_5.0,hmm,information,0.05,V,0.5509216504774391,0.005549731847034321,-0.21307855125519495,0.004085022956132889
hmm_91503_5.0,hmm,information,0.05,parity,0.5472358516896384,0.005549731847034321,-0.21307855125519495,0.004108973778784275
hmm_91503_5.0,hmm,brier,0.0,mean_seven,0.6931639558291784,0.0,-0.07038805969376735,0.01645633392035961
hmm_91503_5.0,hmm,brier,0.0,U,0.7248160580443584,0.0,-0.07038805969376735,0.004165215417742729
hmm_91503_5.0,hmm,brier,0.0,V,0.55366936717349,0.0,-0.07038805969376735,0.004143075086176395
hmm_91503_5.0,hmm,brier,0.0,parity,0.5472358516896383,0.0,-0.07038805969376735,0.004156005568802357
hmm_91503_5.0,hmm,brier,0.01,mean_seven,0.6927958652982497,0.0003381897384314102,-0.07004986995533594,0.016433004289865494
hmm_91503_5.0,hmm,brier,0.01,U,0.7229266239361988,0.0003381897384314102,-0.07004986995533594,0.004140724427998066
hmm_91503_5.0,hmm,brier,0.01,V,0.5530287608203567,0.0003381897384314102,-0.07004986995533594,0.004117834381759167
hmm_91503_5.0,hmm,brier,0.01,parity,0.5472358516896384,0.0003381897384314102,-0.07004986995533594,0.004158985801041126
hmm_91503_5.0,hmm,brier,0.05,mean_seven,0.691323503174535,0.001690948692157051,-0.0686971110016103,0.01653292588889599
hmm_91503_5.0,hmm,brier,0.05,U,0.7153688875035608,0.001690948692157051,-0.0686971110016103,0.004190756008028984
hmm_91503_5.0,hmm,brier,0.05,V,0.5504663354078227,0.001690948692157051,-0.0686971110016103,0.004114613868296146
hmm_91503_5.0,hmm,brier,0.05,parity,0.5472358516896383,0.001690948692157051,-0.0686971110016103,0.004085293039679527
hmm_91503_5.0,hmm,surprisal,0.0,mean_seven,0.6800180304668527,0.0,-2.9951006123857815,0.01696874015033245
hmm_91503_5.0,hmm,surprisal,0.0,U,0.6353555695486149,0.0,-2.9951006123857815,0.004074132069945335
hmm_91503_5.0,hmm,surprisal,0.0,V,0.5322997219757428,0.0,-2.9951006123857815,0.003997829742729664
hmm_91503_5.0,hmm,surprisal,0.0,parity,0.5924704888562315,0.0,-2.9951006123857815,0.004136924631893635
hmm_91503_5.0,hmm,surprisal,0.01,mean_seven,0.6800180304668527,0.0002002934602708306,-2.994900318925511,0.016731852665543556
hmm_91503_5.0,hmm,surprisal,0.01,U,0.6353555695486149,0.0002002934602708306,-2.994900318925511,0.003973839804530144
hmm_91503_5.0,hmm,surprisal,0.01,V,0.5322997219757428,0.0002002934602708306,-2.994900318925511,0.003917486406862736
hmm_91503_5.0,hmm,surprisal,0.01,parity,0.5858844218043184,0.0002002934602708306,-2.994900318925511,0.00420786626636982
hmm_91503_5.0,hmm,surprisal,0.05,mean_seven,0.6800180304668527,0.001001467301354153,-2.9940991450844274,0.016673261299729347
hmm_91503_5.0,hmm,surprisal,0.05,U,0.6353555695486149,0.001001467301354153,-2.9940991450844274,0.003968559205532074
hmm_91503_5.0,hmm,surprisal,0.05,V,0.5322997219757428,0.001001467301354153,-2.9940991450844274,0.003918577916920185
hmm_91503_5.0,hmm,surprisal,0.05,parity,0.5774965671831628,0.001001467301354153,-2.9940991450844274,0.004138074815273285
hmm_91503_5.0,hmm,first_visit,0.0,mean_seven,0.6824988549666713,0.0,-1.7691229719991404,0.01641861256211996
hmm_91503_5.0,hmm,first_visit,0.0,U,0.6613899754347784,0.0,-1.7691229719991404,0.004079792648553848
hmm_91503_5.0,hmm,first_visit,0.0,V,0.5357046921210534,0.0,-1.7691229719991404,0.004044791683554649
hmm_91503_5.0,hmm,first_visit,0.0,parity,0.5693833939524409,0.0,-1.7691229719991404,0.0041429754346609116
hmm_91503_5.0,hmm,first_visit,0.01,mean_seven,0.6820539289019739,0.0009428606263541384,-1.7681801113727862,0.016404952853918076
hmm_91503_5.0,hmm,first_visit,0.01,U,0.6525638896998287,0.0009428606263541384,-1.7681801113727862,0.0040560513734817505
hmm_91503_5.0,hmm,first_visit,0.01,V,0.535620149257766,0.0009428606263541384,-1.7681801113727862,0.004107752814888954
hmm_91503_5.0,hmm,first_visit,0.01,parity,0.5656004024125513,0.0009428606263541384,-1.7681801113727862,0.004011419601738453
hmm_91503_5.0,hmm,first_visit,0.05,mean_seven,0.6812806324322217,0.004714303131770692,-1.7644086688673697,0.016671380028128624
hmm_91503_5.0,hmm,first_visit,0.05,U,0.6387347899498389,0.004714303131770692,-1.7644086688673697,0.0039268480613827705
hmm_91503_5.0,hmm,first_visit,0.05,V,0.5352819778046161,0.004714303131770692,-1.7644086688673697,0.004023040644824505
hmm_91503_5.0,hmm,first_visit,0.05,parity,0.5644748731033005,0.004714303131770692,-1.7644086688673697,0.004008590243756771
