panel,case_index,case,label,method,comparator,status,lower,upper,midpoint,representatives,cells,baseline_cells,outcome,verification_scope
absolute,1,sensors_0.1_0.1,01  sensors 0.1 0.1,information,,available,0.1104626373626375,0.1104626374380964,0.11046263740036695,1,cell_0626,,,saved master/hardest/revelation witness replay plus complete profile arithmetic; not every old decoder replayed
absolute,1,sensors_0.1_0.1,01  sensors 0.1 0.1,brier,,available,0.1104626373626375,0.1104626374380964,0.11046263740036695,1,cell_0189,,,saved master/hardest/revelation witness replay plus complete profile arithmetic; not every old decoder replayed
absolute,1,sensors_0.1_0.1,01  sensors 0.1 0.1,pseudo_count,,available,0.1100175824175823,0.1100175824176154,0.11001758241759885,1,cell_0382,,,saved master/hardest/revelation witness replay plus complete profile arithmetic; not every old decoder replayed
absolute,1,sensors_0.1_0.1,01  sensors 0.1 0.1,uniform,,available,0.14580000000000026,0.1458000000068134,0.14580000000340682,1,cell_0856,,,saved master/hardest/revelation witness replay plus complete profile arithmetic; not every old decoder replayed
absolute,1,sensors_0.1_0.1,01  sensors 0.1 0.1,weighted128,,available,0.09755604395604411,0.0975560439561121,0.09755604395607811,6,cell_0143;cell_0193;cell_0479;cell_0700;cell_0873;cell_0960,,,saved master/hardest/revelation witness replay plus complete profile arithmetic; not every old decoder replayed
absolute,1,sensors_0.1_0.1,01  sensors 0.1 0.1,minimax,,available,0.09765936611058401,0.09765936611059937,0.0976593661105917,5,cell_0004;cell_0290;cell_0891;cell_0933;cell_0969,,,saved master/hardest/revelation witness replay plus complete profile arithmetic; not every old decoder replayed
difference,1,sensors_0.1_0.1,01  sensors 0.1 0.1,weighted128,brier,available,0.012906593406525405,0.012906593482052281,0.012906593444288843,6,cell_0143;cell_0193;cell_0479;cell_0700;cell_0873;cell_0960,cell_0189,win,native representative envelope minus baseline/control envelope; follow-up controls replay every saved target witness
difference,1,sensors_0.1_0.1,01  sensors 0.1 0.1,weighted128,face_brier_0.05,available,0.00113684087055195,0.0011368408706231986,0.0011368408705875743,6,cell_0143;cell_0193;cell_0479;cell_0700;cell_0873;cell_0960,cell_0705,win,native representative envelope minus baseline/control envelope; follow-up controls replay every saved target witness
difference,1,sensors_0.1_0.1,01  sensors 0.1 0.1,minimax,brier,available,0.012803271252038131,0.012803271327512383,0.012803271289775257,5,cell_0004;cell_0290;cell_0891;cell_0933;cell_0969,cell_0189,win,native representative envelope minus baseline/control envelope; follow-up controls replay every saved target witness
difference,1,sensors_0.1_0.1,01  sensors 0.1 0.1,minimax,face_brier_0.05,available,0.001033518716064677,0.001033518716083301,0.001033518716073989,5,cell_0004;cell_0290;cell_0891;cell_0933;cell_0969,cell_0705,win,native representative envelope minus baseline/control envelope; follow-up controls replay every saved target witness
absolute,2,sensors_0.1_0.3,02  sensors 0.1 0.3,information,,available,0.13691999999999993,0.1369200000013425,0.13692000000067123,1,cell_1091,,,saved master/hardest/revelation witness replay plus complete profile arithmetic; not every old decoder replayed
absolute,2,sensors_0.1_0.3,02  sensors 0.1 0.3,brier,,available,0.13691999999999993,0.1369200000013425,0.13692000000067123,1,cell_0592,,,saved master/hardest/revelation witness replay plus complete profile arithmetic; not every old decoder replayed
absolute,2,sensors_0.1_0.3,02  sensors 0.1 0.3,pseudo_count,,available,0.10940516637478126,0.10940516637480555,0.1094051663747934,1,cell_0043,,,saved master/hardest/revelation witness replay plus complete profile arithmetic; not every old decoder replayed
absolute,2,sensors_0.1_0.3,02  sensors 0.1 0.3,uniform,,available,0.12335000000000007,0.12335000000019881,0.12335000000009944,1,cell_0689,,,saved master/hardest/revelation witness replay plus complete profile arithmetic; not every old decoder replayed
absolute,2,sensors_0.1_0.3,02  sensors 0.1 0.3,weighted128,,available,0.10551215193401975,0.10551215193402697,0.10551215193402336,5,cell_0106;cell_0113;cell_0442;cell_0847;cell_0921,,,saved master/hardest/revelation witness replay plus complete profile arithmetic; not every old decoder replayed
absolute,2,sensors_0.1_0.3,02  sensors 0.1 0.3,minimax,,available,0.10143787200231535,0.10355747836774203,0.1024976751850287,7,cell_0090;cell_0383;cell_0561;cell_0806;cell_0818;cell_0843;cell_0862,,,saved master/hardest/revelation witness replay plus complete profile arithmetic; not every old decoder replayed
difference,2,sensors_0.1_0.3,02  sensors 0.1 0.3,weighted128,brier,available,0.031407848065972965,0.03140784806732275,0.031407848066647856,5,cell_0106;cell_0113;cell_0442;cell_0847;cell_0921,cell_0592,win,native representative envelope minus baseline/control envelope; follow-up controls replay every saved target witness
difference,2,sensors_0.1_0.3,02  sensors 0.1 0.3,weighted128,face_brier_0.05,available,0.014491957220252538,0.014491957220334084,0.014491957220293311,5,cell_0106;cell_0113;cell_0442;cell_0847;cell_0921,cell_0240,win,native representative envelope minus baseline/control envelope; follow-up controls replay every saved target witness
difference,2,sensors_0.1_0.3,02  sensors 0.1 0.3,minimax,brier,available,0.033362521632257905,0.03548212799902714,0.03442232481564252,7,cell_0090;cell_0383;cell_0561;cell_0806;cell_0818;cell_0843;cell_0862,cell_0592,win,native representative envelope minus baseline/control envelope; follow-up controls replay every saved target witness
difference,2,sensors_0.1_0.3,02  sensors 0.1 0.3,minimax,face_brier_0.05,available,0.016446630786537478,0.01856623715203848,0.017506433969287978,7,cell_0090;cell_0383;cell_0561;cell_0806;cell_0818;cell_0843;cell_0862,cell_0240,win,native representative envelope minus baseline/control envelope; follow-up controls replay every saved target witness
absolute,3,sensors_0.25_0.25,03  sensors 0.25 0.25,information,,available,0.1376953125,0.13769531250051475,0.13769531250025738,1,cell_0922,,,saved master/hardest/revelation witness replay plus complete profile arithmetic; not every old decoder replayed
absolute,3,sensors_0.25_0.25,03  sensors 0.25 0.25,brier,,available,0.10817307692307698,0.10817307692314064,0.10817307692310882,1,cell_0773,,,saved master/hardest/revelation witness replay plus complete profile arithmetic; not every old decoder replayed
absolute,3,sensors_0.25_0.25,03  sensors 0.25 0.25,pseudo_count,,available,0.10817307692307698,0.10817307692314064,0.10817307692310882,1,cell_0767,,,saved master/hardest/revelation witness replay plus complete profile arithmetic; not every old decoder replayed
absolute,3,sensors_0.25_0.25,03  sensors 0.25 0.25,uniform,,available,0.12169471153846145,0.12169471153855844,0.12169471153850994,1,cell_0102,,,saved master/hardest/revelation witness replay plus complete profile arithmetic; not every old decoder replayed
absolute,3,sensors_0.25_0.25,03  sensors 0.25 0.25,weighted128,,available,0.10817307692307687,0.10817307692314727,0.10817307692311207,6,cell_0230;cell_0286;cell_0387;cell_0415;cell_0704;cell_0951,,,saved master/hardest/revelation witness replay plus complete profile arithmetic; not every old decoder replayed
absolute,3,sensors_0.25_0.25,03  sensors 0.25 0.25,minimax,,available,0.10824462167073068,0.10824462167074037,0.10824462167073552,5,cell_0183;cell_0242;cell_0734;cell_0886;cell_0989,,,saved master/hardest/revelation witness replay plus complete profile arithmetic; not every old decoder replayed
difference,3,sensors_0.25_0.25,03  sensors 0.25 0.25,weighted128,brier,available,-7.029099524658022e-14,6.376843497690743e-14,-3.2612801348363973e-15,6,cell_0230;cell_0286;cell_0387;cell_0415;cell_0704;cell_0951,cell_0773,tie,native representative envelope minus baseline/control envelope; follow-up controls replay every saved target witness
difference,3,sensors_0.25_0.25,03  sensors 0.25 0.25,weighted128,face_brier_0.05,available,0.0014549226656492692,0.001454922666186298,0.0014549226659177836,6,cell_0230;cell_0286;cell_0387;cell_0415;cell_0704;cell_0951,cell_0393,win,native representative envelope minus baseline/control envelope; follow-up controls replay every saved target witness
difference,3,sensors_0.25_0.25,03  sensors 0.25 0.25,minimax,brier,available,-7.154474766338237e-05,-7.154474759003826e-05,-7.154474762671031e-05,5,cell_0183;cell_0242;cell_0734;cell_0886;cell_0989,cell_0773,loss,native representative envelope minus baseline/control envelope; follow-up controls replay every saved target witness
difference,3,sensors_0.25_0.25,03  sensors 0.25 0.25,minimax,face_brier_0.05,available,0.0013833779180561778,0.0013833779185324913,0.0013833779182943345,5,cell_0183;cell_0242;cell_0734;cell_0886;cell_0989,cell_0393,win,native representative envelope minus baseline/control envelope; follow-up controls replay every saved target witness
absolute,4,delayed_0.1_0.1,04  delayed 0.1 0.1,information,,available,0.13614545454545468,0.13614545454550758,0.13614545454548113,1,cell_1015,,,saved master/hardest/revelation witness replay plus complete profile arithmetic; not every old decoder replayed
absolute,4,delayed_0.1_0.1,04  delayed 0.1 0.1,brier,,available,0.13614545454545468,0.13614545454550758,0.13614545454548113,1,cell_1101,,,saved master/hardest/revelation witness replay plus complete profile arithmetic; not every old decoder replayed
absolute,4,delayed_0.1_0.1,04  delayed 0.1 0.1,pseudo_count,,available,0.2220000000000001,0.22200000000773898,0.22200000000386955,1,cell_0931,,,saved master/hardest/revelation witness replay plus complete profile arithmetic; not every old decoder replayed
absolute,4,delayed_0.1_0.1,04  delayed 0.1 0.1,uniform,,available,0.32200000000000006,0.3220000000000309,0.3220000000000155,1,cell_0130,,,saved master/hardest/revelation witness replay plus complete profile arithmetic; not every old decoder replayed
absolute,4,delayed_0.1_0.1,04  delayed 0.1 0.1,weighted128,,available,0.12844788475633384,0.12844788475639837,0.1284478847563661,6,cell_0329;cell_0554;cell_0588;cell_0677;cell_0726;cell_0786,,,saved master/hardest/revelation witness replay plus complete profile arithmetic; not every old decoder replayed
absolute,4,delayed_0.1_0.1,04  delayed 0.1 0.1,minimax,,available,0.12708637562292313,0.1270863756229799,0.1270863756229515,7,cell_0219;cell_0522;cell_0542;cell_0579;cell_0643;cell_0771;cell_0848,,,saved master/hardest/revelation witness replay plus complete profile arithmetic; not every old decoder replayed
difference,4,delayed_0.1_0.1,04  delayed 0.1 0.1,weighted128,brier,available,0.007697569789056308,0.007697569789173742,0.007697569789115025,6,cell_0329;cell_0554;cell_0588;cell_0677;cell_0726;cell_0786,cell_1101,win,native representative envelope minus baseline/control envelope; follow-up controls replay every saved target witness
difference,4,delayed_0.1_0.1,04  delayed 0.1 0.1,weighted128,face_brier_0.05,available,0.0035175932001689503,0.003517593200249025,0.0035175932002089877,6,cell_0329;cell_0554;cell_0588;cell_0677;cell_0726;cell_0786,cell_0511,win,native representative envelope minus baseline/control envelope; follow-up controls replay every saved target witness
difference,4,delayed_0.1_0.1,04  delayed 0.1 0.1,minimax,brier,available,0.00905907892247479,0.009059078922584451,0.00905907892252962,7,cell_0219;cell_0522;cell_0542;cell_0579;cell_0643;cell_0771;cell_0848,cell_1101,win,native representative envelope minus baseline/control envelope; follow-up controls replay every saved target witness
difference,4,delayed_0.1_0.1,04  delayed 0.1 0.1,minimax,face_brier_0.05,available,0.004879102333587432,0.004879102333659735,0.004879102333623583,7,cell_0219;cell_0522;cell_0542;cell_0579;cell_0643;cell_0771;cell_0848,cell_0511,win,native representative envelope minus baseline/control envelope; follow-up controls replay every saved target witness
absolute,5,delayed_0.25_0.1,05  delayed 0.25 0.1,information,,available,0.3437499999999999,0.3437500000000052,0.34375000000000255,1,cell_0402,,,saved master/hardest/revelation witness replay plus complete profile arithmetic; not every old decoder replayed
absolute,5,delayed_0.25_0.1,05  delayed 0.25 0.1,brier,,available,0.14323846153846165,0.14323846153848244,0.14323846153847203,1,cell_0208,,,saved master/hardest/revelation witness replay plus complete profile arithmetic; not every old decoder replayed
absolute,5,delayed_0.25_0.1,05  delayed 0.25 0.1,pseudo_count,,available,0.1875,0.18750000000001676,0.18750000000000838,1,cell_1182,,,saved master/hardest/revelation witness replay plus complete profile arithmetic; not every old decoder replayed
absolute,5,delayed_0.25_0.1,05  delayed 0.25 0.1,uniform,,available,0.24999999999999967,0.25000000000001055,0.2500000000000051,1,cell_0658,,,saved master/hardest/revelation witness replay plus complete profile arithmetic; not every old decoder replayed
absolute,5,delayed_0.25_0.1,05  delayed 0.25 0.1,weighted128,,available,0.18157201405152223,0.18157201405261336,0.1815720140520678,5,cell_0014;cell_0097;cell_0248;cell_0331;cell_0540,,,saved master/hardest/revelation witness replay plus complete profile arithmetic; not every old decoder replayed
absolute,5,delayed_0.25_0.1,05  delayed 0.25 0.1,minimax,,available,0.16621672425929457,0.1662167242594429,0.16621672425936873,6,cell_0129;cell_0569;cell_0573;cell_0642;cell_0712;cell_0899,,,saved master/hardest/revelation witness replay plus complete profile arithmetic; not every old decoder replayed
difference,5,delayed_0.25_0.1,05  delayed 0.25 0.1,weighted128,brier,available,-0.038333552514151714,-0.0383335525130398,-0.038333552513595756,5,cell_0014;cell_0097;cell_0248;cell_0331;cell_0540,cell_0208,loss,native representative envelope minus baseline/control envelope; follow-up controls replay every saved target witness
difference,5,delayed_0.25_0.1,05  delayed 0.25 0.1,weighted128,face_brier_0.05,available,-0.04318254906911578,-0.0431825490679974,-0.04318254906855659,5,cell_0014;cell_0097;cell_0248;cell_0331;cell_0540,cell_0792,loss,native representative envelope minus baseline/control envelope; follow-up controls replay every saved target witness
difference,5,delayed_0.25_0.1,05  delayed 0.25 0.1,minimax,brier,available,-0.022978262720981246,-0.02297826272081213,-0.02297826272089669,6,cell_0129;cell_0569;cell_0573;cell_0642;cell_0712;cell_0899,cell_0208,loss,native representative envelope minus baseline/control envelope; follow-up controls replay every saved target witness
difference,5,delayed_0.25_0.1,05  delayed 0.25 0.1,minimax,face_brier_0.05,available,-0.027827259275945315,-0.027827259275769733,-0.027827259275857524,6,cell_0129;cell_0569;cell_0573;cell_0642;cell_0712;cell_0899,cell_0792,loss,native representative envelope minus baseline/control envelope; follow-up controls replay every saved target witness
absolute,6,irreversible_0.1_0.1,06  irreversible 0.1 0.1,information,,available,0.236,0.23600000000000043,0.2360000000000002,1,cell_1174,,,saved master/hardest/revelation witness replay plus complete profile arithmetic; not every old decoder replayed
absolute,6,irreversible_0.1_0.1,06  irreversible 0.1 0.1,brier,,available,0.236,0.23600000000000043,0.2360000000000002,1,cell_0350,,,saved master/hardest/revelation witness replay plus complete profile arithmetic; not every old decoder replayed
absolute,6,irreversible_0.1_0.1,06  irreversible 0.1 0.1,pseudo_count,,available,0.236,0.23600000000000043,0.2360000000000002,1,cell_0751,,,saved master/hardest/revelation witness replay plus complete profile arithmetic; not every old decoder replayed
absolute,6,irreversible_0.1_0.1,06  irreversible 0.1 0.1,uniform,,available,0.236,0.23600000000000043,0.2360000000000002,1,cell_0783,,,saved master/hardest/revelation witness replay plus complete profile arithmetic; not every old decoder replayed
absolute,6,irreversible_0.1_0.1,06  irreversible 0.1 0.1,weighted128,,available,0.24568904659858837,0.24568904659858876,0.24568904659858856,6,cell_0268;cell_0449;cell_0505;cell_0702;cell_0724;cell_0972,,,saved master/hardest/revelation witness replay plus complete profile arithmetic; not every old decoder replayed
absolute,6,irreversible_0.1_0.1,06  irreversible 0.1 0.1,minimax,,available,0.23599999999999977,0.23600000000000043,0.2360000000000001,6,cell_0202;cell_0205;cell_0264;cell_0394;cell_0688;cell_0695,,,saved master/hardest/revelation witness replay plus complete profile arithmetic; not every old decoder replayed
difference,6,irreversible_0.1_0.1,06  irreversible 0.1 0.1,weighted128,brier,available,-0.009689046598588769,-0.009689046598587936,-0.009689046598588352,6,cell_0268;cell_0449;cell_0505;cell_0702;cell_0724;cell_0972,cell_0350,loss,native representative envelope minus baseline/control envelope; follow-up controls replay every saved target witness
difference,6,irreversible_0.1_0.1,06  irreversible 0.1 0.1,weighted128,face_brier_0.05,missing,,,,0,,,,
difference,6,irreversible_0.1_0.1,06  irreversible 0.1 0.1,minimax,brier,available,-4.440892098500626e-16,6.661338147750939e-16,1.1102230246251565e-16,6,cell_0202;cell_0205;cell_0264;cell_0394;cell_0688;cell_0695,cell_0350,tie,native representative envelope minus baseline/control envelope; follow-up controls replay every saved target witness
difference,6,irreversible_0.1_0.1,06  irreversible 0.1 0.1,minimax,face_brier_0.05,missing,,,,0,,,,
absolute,7,irreversible_0.1_0.3,07  irreversible 0.1 0.3,information,,available,0.2839999999999997,0.28400000000000014,0.2839999999999999,1,cell_0696,,,saved master/hardest/revelation witness replay plus complete profile arithmetic; not every old decoder replayed
absolute,7,irreversible_0.1_0.3,07  irreversible 0.1 0.3,brier,,available,0.2839999999999997,0.28400000000000014,0.2839999999999999,1,cell_0608,,,saved master/hardest/revelation witness replay plus complete profile arithmetic; not every old decoder replayed
absolute,7,irreversible_0.1_0.3,07  irreversible 0.1 0.3,pseudo_count,,available,0.4719999999999879,0.472000000000001,0.4719999999999944,1,cell_0024,,,saved master/hardest/revelation witness replay plus complete profile arithmetic; not every old decoder replayed
absolute,7,irreversible_0.1_0.3,07  irreversible 0.1 0.3,uniform,,available,0.23599999999999943,0.2360000000000003,0.23599999999999988,1,cell_0067,,,saved master/hardest/revelation witness replay plus complete profile arithmetic; not every old decoder replayed
absolute,7,irreversible_0.1_0.3,07  irreversible 0.1 0.3,weighted128,,available,0.2839999999999996,0.28400000000006675,0.28400000000003317,4,cell_0176;cell_0738;cell_0816;cell_0844,,,saved master/hardest/revelation witness replay plus complete profile arithmetic; not every old decoder replayed
absolute,7,irreversible_0.1_0.3,07  irreversible 0.1 0.3,minimax,,available,0.17731216931216787,0.17731216931217297,0.17731216931217042,6,cell_0128;cell_0483;cell_0504;cell_0517;cell_0819;cell_0981,,,saved master/hardest/revelation witness replay plus complete profile arithmetic; not every old decoder replayed
difference,7,irreversible_0.1_0.3,07  irreversible 0.1 0.3,weighted128,brier,available,-6.705747068735946e-14,5.551115123125783e-16,-3.325117958752344e-14,4,cell_0176;cell_0738;cell_0816;cell_0844,cell_0608,tie,native representative envelope minus baseline/control envelope; follow-up controls replay every saved target witness
difference,7,irreversible_0.1_0.3,07  irreversible 0.1 0.3,weighted128,face_brier_0.05,available,-0.014200000073168129,-0.014200000073100294,-0.014200000073134211,4,cell_0176;cell_0738;cell_0816;cell_0844,cell_0691,loss,native representative envelope minus baseline/control envelope; follow-up controls replay every saved target witness
difference,7,irreversible_0.1_0.3,07  irreversible 0.1 0.3,minimax,brier,available,0.10668783068782672,0.10668783068783227,0.1066878306878295,6,cell_0128;cell_0483;cell_0504;cell_0517;cell_0819;cell_0981,cell_0608,win,native representative envelope minus baseline/control envelope; follow-up controls replay every saved target witness
difference,7,irreversible_0.1_0.3,07  irreversible 0.1 0.3,minimax,face_brier_0.05,available,0.09248783061472565,0.09248783061473143,0.09248783061472854,6,cell_0128;cell_0483;cell_0504;cell_0517;cell_0819;cell_0981,cell_0691,win,native representative envelope minus baseline/control envelope; follow-up controls replay every saved target witness
absolute,8,hmm_91501_0.2,"08  Earlier HMM 91501, α=0.2",information,,available,0.14571367402968116,0.145713674029692,0.14571367402968657,1,cell_0377,,,saved master/hardest/revelation witness replay plus complete profile arithmetic; not every old decoder replayed
absolute,8,hmm_91501_0.2,"08  Earlier HMM 91501, α=0.2",brier,,available,0.14071928791242472,0.14071928791253274,0.14071928791247873,1,cell_0262,,,saved master/hardest/revelation witness replay plus complete profile arithmetic; not every old decoder replayed
absolute,8,hmm_91501_0.2,"08  Earlier HMM 91501, α=0.2",pseudo_count,,available,0.32178274273839613,0.3217827427384442,0.32178274273842017,1,cell_0594,,,saved master/hardest/revelation witness replay plus complete profile arithmetic; not every old decoder replayed
absolute,8,hmm_91501_0.2,"08  Earlier HMM 91501, α=0.2",uniform,,available,0.21589698832103243,0.2158969883210402,0.21589698832103632,1,cell_0056,,,saved master/hardest/revelation witness replay plus complete profile arithmetic; not every old decoder replayed
absolute,8,hmm_91501_0.2,"08  Earlier HMM 91501, α=0.2",weighted128,,available,0.1270643773108392,0.1270643773108411,0.12706437731084014,5,cell_0217;cell_0454;cell_0575;cell_0692;cell_0907,,,saved master/hardest/revelation witness replay plus complete profile arithmetic; not every old decoder replayed
absolute,8,hmm_91501_0.2,"08  Earlier HMM 91501, α=0.2",minimax,,available,0.11977649982477556,0.11977649982477892,0.11977649982477724,7,cell_0181;cell_0224;cell_0229;cell_0357;cell_0371;cell_0763;cell_0788,,,saved master/hardest/revelation witness replay plus complete profile arithmetic; not every old decoder replayed
difference,8,hmm_91501_0.2,"08  Earlier HMM 91501, α=0.2",weighted128,brier,available,0.013654910601583609,0.013654910601693548,0.013654910601638579,5,cell_0217;cell_0454;cell_0575;cell_0692;cell_0907,cell_0262,win,native representative envelope minus baseline/control envelope; follow-up controls replay every saved target witness
difference,8,hmm_91501_0.2,"08  Earlier HMM 91501, α=0.2",weighted128,face_brier_0.05,available,-0.0038455815275821037,-0.0038455813962569724,-0.003845581461919538,5,cell_0217;cell_0454;cell_0575;cell_0692;cell_0907,cell_0742,loss,native representative envelope minus baseline/control envelope; follow-up controls replay every saved target witness
difference,8,hmm_91501_0.2,"08  Earlier HMM 91501, α=0.2",minimax,brier,available,0.020942788087645797,0.02094278808775718,0.02094278808770149,7,cell_0181;cell_0224;cell_0229;cell_0357;cell_0371;cell_0763;cell_0788,cell_0262,win,native representative envelope minus baseline/control envelope; follow-up controls replay every saved target witness
difference,8,hmm_91501_0.2,"08  Earlier HMM 91501, α=0.2",minimax,face_brier_0.05,available,0.003442295958480085,0.0034422960898066596,0.0034422960241433723,7,cell_0181;cell_0224;cell_0229;cell_0357;cell_0371;cell_0763;cell_0788,cell_0742,win,native representative envelope minus baseline/control envelope; follow-up controls replay every saved target witness
absolute,9,hmm_91502_1.0,"09  Earlier HMM 91502, α=1",information,,available,0.1260086376202756,0.12600863762077877,0.12600863762052716,1,cell_0172,,,saved master/hardest/revelation witness replay plus complete profile arithmetic; not every old decoder replayed
absolute,9,hmm_91502_1.0,"09  Earlier HMM 91502, α=1",brier,,available,0.1551159087779873,0.15511590877804715,0.15511590877801723,1,cell_0154,,,saved master/hardest/revelation witness replay plus complete profile arithmetic; not every old decoder replayed
absolute,9,hmm_91502_1.0,"09  Earlier HMM 91502, α=1",pseudo_count,,available,0.14368885522148012,0.14368885522159341,0.14368885522153677,1,cell_0852,,,saved master/hardest/revelation witness replay plus complete profile arithmetic; not every old decoder replayed
absolute,9,hmm_91502_1.0,"09  Earlier HMM 91502, α=1",uniform,,available,0.12262977797727026,0.12262977797737809,0.12262977797732418,1,cell_1016,,,all 32768 saved decoder and decision-loss witnesses replayed in follow-up
absolute,9,hmm_91502_1.0,"09  Earlier HMM 91502, α=1",weighted128,,available,0.10163139108490071,0.10163139108516148,0.1016313910850311,6,cell_0041;cell_0074;cell_0200;cell_0422;cell_0781;cell_0892,,,saved master/hardest/revelation witness replay plus complete profile arithmetic; not every old decoder replayed
absolute,9,hmm_91502_1.0,"09  Earlier HMM 91502, α=1",minimax,,available,0.09583012621369069,0.09583012621372645,0.09583012621370857,6,cell_0012;cell_0068;cell_0342;cell_0558;cell_0826;cell_0895,,,saved master/hardest/revelation witness replay plus complete profile arithmetic; not every old decoder replayed
difference,9,hmm_91502_1.0,"09  Earlier HMM 91502, α=1",weighted128,brier,available,0.053484517692825834,0.05348451769314644,0.053484517692986136,6,cell_0041;cell_0074;cell_0200;cell_0422;cell_0781;cell_0892,cell_0154,win,native representative envelope minus baseline/control envelope; follow-up controls replay every saved target witness
difference,9,hmm_91502_1.0,"09  Earlier HMM 91502, α=1",weighted128,face_brier_0.05,available,0.02961152387166402,0.02961152387193866,0.02961152387180134,6,cell_0041;cell_0074;cell_0200;cell_0422;cell_0781;cell_0892,cell_0596,win,native representative envelope minus baseline/control envelope; follow-up controls replay every saved target witness
difference,9,hmm_91502_1.0,"09  Earlier HMM 91502, α=1",minimax,brier,available,0.059285782564260855,0.05928578256435646,0.05928578256430866,6,cell_0012;cell_0068;cell_0342;cell_0558;cell_0826;cell_0895,cell_0154,win,native representative envelope minus baseline/control envelope; follow-up controls replay every saved target witness
difference,9,hmm_91502_1.0,"09  Earlier HMM 91502, α=1",minimax,face_brier_0.05,available,0.03541278874309904,0.03541278874314868,0.03541278874312386,6,cell_0012;cell_0068;cell_0342;cell_0558;cell_0826;cell_0895,cell_0596,win,native representative envelope minus baseline/control envelope; follow-up controls replay every saved target witness
absolute,10,hmm_91503_5.0,"10  Earlier HMM 91503, α=5",information,,available,0.12923380444822685,0.1292338044482423,0.12923380444823457,1,cell_0352,,,saved master/hardest/revelation witness replay plus complete profile arithmetic; not every old decoder replayed
absolute,10,hmm_91503_5.0,"10  Earlier HMM 91503, α=5",brier,,available,0.12923380444822685,0.1292338044482423,0.12923380444823457,1,cell_0710,,,saved master/hardest/revelation witness replay plus complete profile arithmetic; not every old decoder replayed
absolute,10,hmm_91503_5.0,"10  Earlier HMM 91503, α=5",pseudo_count,,available,0.13384831808345588,0.1338483180835675,0.1338483180835117,1,cell_0602,,,saved master/hardest/revelation witness replay plus complete profile arithmetic; not every old decoder replayed
absolute,10,hmm_91503_5.0,"10  Earlier HMM 91503, α=5",uniform,,available,0.10409462450815965,0.10409462450816717,0.10409462450816341,1,cell_0986,,,saved master/hardest/revelation witness replay plus complete profile arithmetic; not every old decoder replayed
absolute,10,hmm_91503_5.0,"10  Earlier HMM 91503, α=5",weighted128,,available,0.07621005203107145,0.0762100520310722,0.07621005203107183,5,cell_0055;cell_0072;cell_0536;cell_0636;cell_1010,,,saved master/hardest/revelation witness replay plus complete profile arithmetic; not every old decoder replayed
absolute,10,hmm_91503_5.0,"10  Earlier HMM 91503, α=5",minimax,,available,0.08631236473598347,0.08631236473616169,0.08631236473607258,7,cell_0134;cell_0139;cell_0174;cell_0389;cell_0718;cell_0916;cell_0961,,,saved master/hardest/revelation witness replay plus complete profile arithmetic; not every old decoder replayed
difference,10,hmm_91503_5.0,"10  Earlier HMM 91503, α=5",weighted128,brier,available,0.05302375241715465,0.05302375241717086,0.053023752417162756,5,cell_0055;cell_0072;cell_0536;cell_0636;cell_1010,cell_0710,win,native representative envelope minus baseline/control envelope; follow-up controls replay every saved target witness
difference,10,hmm_91503_5.0,"10  Earlier HMM 91503, α=5",weighted128,face_brier_0.05,available,0.03427583216264388,0.03427583216273539,0.03427583216268963,5,cell_0055;cell_0072;cell_0536;cell_0636;cell_1010,cell_0815,win,native representative envelope minus baseline/control envelope; follow-up controls replay every saved target witness
difference,10,hmm_91503_5.0,"10  Earlier HMM 91503, α=5",minimax,brier,available,0.04292143971206516,0.04292143971225884,0.042921439712162,7,cell_0134;cell_0139;cell_0174;cell_0389;cell_0718;cell_0916;cell_0961,cell_0710,win,native representative envelope minus baseline/control envelope; follow-up controls replay every saved target witness
difference,10,hmm_91503_5.0,"10  Earlier HMM 91503, α=5",minimax,face_brier_0.05,available,0.024173519457554388,0.024173519457823367,0.024173519457688877,7,cell_0134;cell_0139;cell_0174;cell_0389;cell_0718;cell_0916;cell_0961,cell_0815,win,native representative envelope minus baseline/control envelope; follow-up controls replay every saved target witness
absolute,11,fresh_hmm_2026096800_q4_s3_c0.2,"11  Fresh Q4, α=0.2, draw 1",information,,available,0.3984554693581155,0.3984554693591296,0.3984554693586225,1,cell_0835,,,saved master/hardest/revelation witness replay plus complete profile arithmetic; not every old decoder replayed
absolute,11,fresh_hmm_2026096800_q4_s3_c0.2,"11  Fresh Q4, α=0.2, draw 1",brier,,available,0.3984554693581155,0.3984554693591296,0.3984554693586225,1,cell_1186,,,saved master/hardest/revelation witness replay plus complete profile arithmetic; not every old decoder replayed
absolute,11,fresh_hmm_2026096800_q4_s3_c0.2,"11  Fresh Q4, α=0.2, draw 1",pseudo_count,,available,0.45228789557153004,0.4522878955715306,0.4522878955715303,1,cell_1076,,,saved master/hardest/revelation witness replay plus complete profile arithmetic; not every old decoder replayed
absolute,11,fresh_hmm_2026096800_q4_s3_c0.2,"11  Fresh Q4, α=0.2, draw 1",uniform,,available,0.33402145667225625,0.3340214566725261,0.33402145667239114,1,cell_0509,,,saved master/hardest/revelation witness replay plus complete profile arithmetic; not every old decoder replayed
absolute,11,fresh_hmm_2026096800_q4_s3_c0.2,"11  Fresh Q4, α=0.2, draw 1",weighted128,,available,0.24148235848196475,0.2414823584819738,0.24148235848196928,5,cell_0192;cell_0312;cell_0630;cell_0836;cell_0979,,,saved master/hardest/revelation witness replay plus complete profile arithmetic; not every old decoder replayed
absolute,11,fresh_hmm_2026096800_q4_s3_c0.2,"11  Fresh Q4, α=0.2, draw 1",minimax,,available,0.2307330405903283,0.2307345495062711,0.2307337950482997,7,cell_0261;cell_0520;cell_0638;cell_0693;cell_0923;cell_0944;cell_1003,,,saved master/hardest/revelation witness replay plus complete profile arithmetic; not every old decoder replayed
difference,11,fresh_hmm_2026096800_q4_s3_c0.2,"11  Fresh Q4, α=0.2, draw 1",weighted128,brier,available,0.15697311087614169,0.15697311087716487,0.15697311087665328,5,cell_0192;cell_0312;cell_0630;cell_0836;cell_0979,cell_1186,win,native representative envelope minus baseline/control envelope; follow-up controls replay every saved target witness
difference,11,fresh_hmm_2026096800_q4_s3_c0.2,"11  Fresh Q4, α=0.2, draw 1",weighted128,face_brier_0.05,available,0.05716832168517055,0.057168321685193035,0.057168321685181794,5,cell_0192;cell_0312;cell_0630;cell_0836;cell_0979,cell_0447,win,native representative envelope minus baseline/control envelope; follow-up controls replay every saved target witness
difference,11,fresh_hmm_2026096800_q4_s3_c0.2,"11  Fresh Q4, α=0.2, draw 1",minimax,brier,available,0.1677209198518444,0.16772242876880133,0.16772167431032287,7,cell_0261;cell_0520;cell_0638;cell_0693;cell_0923;cell_0944;cell_1003,cell_1186,win,native representative envelope minus baseline/control envelope; follow-up controls replay every saved target witness
difference,11,fresh_hmm_2026096800_q4_s3_c0.2,"11  Fresh Q4, α=0.2, draw 1",minimax,face_brier_0.05,available,0.06791613066087326,0.0679176395768295,0.06791688511885138,7,cell_0261;cell_0520;cell_0638;cell_0693;cell_0923;cell_0944;cell_1003,cell_0447,win,native representative envelope minus baseline/control envelope; follow-up controls replay every saved target witness
absolute,12,fresh_hmm_2026096801_q4_s3_c0.2,"12  Fresh Q4, α=0.2, draw 2",information,,available,0.1818500063578664,0.18185000635786747,0.18185000635786694,1,cell_0303,,,saved master/hardest/revelation witness replay plus complete profile arithmetic; not every old decoder replayed
absolute,12,fresh_hmm_2026096801_q4_s3_c0.2,"12  Fresh Q4, α=0.2, draw 2",brier,,available,0.1818500063578664,0.18185000635786747,0.18185000635786694,1,cell_0809,,,saved master/hardest/revelation witness replay plus complete profile arithmetic; not every old decoder replayed
absolute,12,fresh_hmm_2026096801_q4_s3_c0.2,"12  Fresh Q4, α=0.2, draw 2",pseudo_count,,available,0.19533007904298405,0.19533007904393299,0.1953300790434585,1,cell_0628,,,saved master/hardest/revelation witness replay plus complete profile arithmetic; not every old decoder replayed
absolute,12,fresh_hmm_2026096801_q4_s3_c0.2,"12  Fresh Q4, α=0.2, draw 2",uniform,,available,0.21185326040950936,0.21185326041064717,0.21185326041007826,1,cell_0457,,,saved master/hardest/revelation witness replay plus complete profile arithmetic; not every old decoder replayed
absolute,12,fresh_hmm_2026096801_q4_s3_c0.2,"12  Fresh Q4, α=0.2, draw 2",weighted128,,available,0.16680226356834016,0.16680226356858024,0.1668022635684602,5,cell_0008;cell_0226;cell_0234;cell_0623;cell_0950,,,saved master/hardest/revelation witness replay plus complete profile arithmetic; not every old decoder replayed
absolute,12,fresh_hmm_2026096801_q4_s3_c0.2,"12  Fresh Q4, α=0.2, draw 2",minimax,,available,0.15713183896886695,0.15713183896923716,0.15713183896905206,6,cell_0467;cell_0661;cell_0745;cell_0807;cell_0834;cell_0909,,,saved master/hardest/revelation witness replay plus complete profile arithmetic; not every old decoder replayed
difference,12,fresh_hmm_2026096801_q4_s3_c0.2,"12  Fresh Q4, α=0.2, draw 2",weighted128,brier,available,0.015047742789286167,0.015047742789527307,0.015047742789406737,5,cell_0008;cell_0226;cell_0234;cell_0623;cell_0950,cell_0809,win,native representative envelope minus baseline/control envelope; follow-up controls replay every saved target witness
difference,12,fresh_hmm_2026096801_q4_s3_c0.2,"12  Fresh Q4, α=0.2, draw 2",weighted128,face_brier_0.05,missing,,,,0,,,,
difference,12,fresh_hmm_2026096801_q4_s3_c0.2,"12  Fresh Q4, α=0.2, draw 2",minimax,brier,available,0.024718167388629253,0.02471816738900051,0.024718167388814882,6,cell_0467;cell_0661;cell_0745;cell_0807;cell_0834;cell_0909,cell_0809,win,native representative envelope minus baseline/control envelope; follow-up controls replay every saved target witness
difference,12,fresh_hmm_2026096801_q4_s3_c0.2,"12  Fresh Q4, α=0.2, draw 2",minimax,face_brier_0.05,missing,,,,0,,,,
absolute,13,fresh_hmm_2026096900_q4_s3_c1.0,"13  Fresh Q4, α=1, draw 1",information,,available,0.1039265257349381,0.10392652573497155,0.10392652573495482,1,cell_0529,,,saved master/hardest/revelation witness replay plus complete profile arithmetic; not every old decoder replayed
absolute,13,fresh_hmm_2026096900_q4_s3_c1.0,"13  Fresh Q4, α=1, draw 1",brier,,available,0.1010853852171355,0.1010853852172996,0.10108538521721755,1,cell_0567,,,saved master/hardest/revelation witness replay plus complete profile arithmetic; not every old decoder replayed
absolute,13,fresh_hmm_2026096900_q4_s3_c1.0,"13  Fresh Q4, α=1, draw 1",pseudo_count,,available,0.1503760159695292,0.15037601596953748,0.15037601596953334,1,cell_0871,,,saved master/hardest/revelation witness replay plus complete profile arithmetic; not every old decoder replayed
absolute,13,fresh_hmm_2026096900_q4_s3_c1.0,"13  Fresh Q4, α=1, draw 1",uniform,,available,0.10598841273918835,0.10598841273926186,0.1059884127392251,1,cell_0701,,,saved master/hardest/revelation witness replay plus complete profile arithmetic; not every old decoder replayed
absolute,13,fresh_hmm_2026096900_q4_s3_c1.0,"13  Fresh Q4, α=1, draw 1",weighted128,,available,0.08587170551077916,0.08587170551078177,0.08587170551078047,6,cell_0077;cell_0206;cell_0210;cell_0305;cell_0607;cell_0977,,,saved master/hardest/revelation witness replay plus complete profile arithmetic; not every old decoder replayed
absolute,13,fresh_hmm_2026096900_q4_s3_c1.0,"13  Fresh Q4, α=1, draw 1",minimax,,available,0.08727325941600172,0.08727325941651778,0.08727325941625975,6,cell_0116;cell_0170;cell_0223;cell_0534;cell_0667;cell_0749,,,saved master/hardest/revelation witness replay plus complete profile arithmetic; not every old decoder replayed
difference,13,fresh_hmm_2026096900_q4_s3_c1.0,"13  Fresh Q4, α=1, draw 1",weighted128,brier,available,0.015213679706353733,0.015213679706520433,0.015213679706437083,6,cell_0077;cell_0206;cell_0210;cell_0305;cell_0607;cell_0977,cell_0567,win,native representative envelope minus baseline/control envelope; follow-up controls replay every saved target witness
difference,13,fresh_hmm_2026096900_q4_s3_c1.0,"13  Fresh Q4, α=1, draw 1",weighted128,face_brier_0.05,missing,,,,0,,,,
difference,13,fresh_hmm_2026096900_q4_s3_c1.0,"13  Fresh Q4, α=1, draw 1",minimax,brier,available,0.01381212580061772,0.01381212580129787,0.013812125800957795,6,cell_0116;cell_0170;cell_0223;cell_0534;cell_0667;cell_0749,cell_0567,win,native representative envelope minus baseline/control envelope; follow-up controls replay every saved target witness
difference,13,fresh_hmm_2026096900_q4_s3_c1.0,"13  Fresh Q4, α=1, draw 1",minimax,face_brier_0.05,missing,,,,0,,,,
absolute,14,fresh_hmm_2026096901_q4_s3_c1.0,"14  Fresh Q4, α=1, draw 2",information,,available,0.11354264231440703,0.11354264231452584,0.11354264231446642,1,cell_0683,,,saved master/hardest/revelation witness replay plus complete profile arithmetic; not every old decoder replayed
absolute,14,fresh_hmm_2026096901_q4_s3_c1.0,"14  Fresh Q4, α=1, draw 2",brier,,available,0.11354264231440703,0.11354264231452584,0.11354264231446642,1,cell_0463,,,saved master/hardest/revelation witness replay plus complete profile arithmetic; not every old decoder replayed
absolute,14,fresh_hmm_2026096901_q4_s3_c1.0,"14  Fresh Q4, α=1, draw 2",pseudo_count,,available,0.12322426136800058,0.1232242613682088,0.12322426136810469,1,cell_0498,,,saved master/hardest/revelation witness replay plus complete profile arithmetic; not every old decoder replayed
absolute,14,fresh_hmm_2026096901_q4_s3_c1.0,"14  Fresh Q4, α=1, draw 2",uniform,,available,0.09939868235996396,0.09939868235998883,0.0993986823599764,1,cell_0605,,,saved master/hardest/revelation witness replay plus complete profile arithmetic; not every old decoder replayed
absolute,14,fresh_hmm_2026096901_q4_s3_c1.0,"14  Fresh Q4, α=1, draw 2",weighted128,,available,0.09442652011837394,0.09442652011839964,0.09442652011838679,5,cell_0142;cell_0539;cell_0637;cell_0830;cell_0959,,,saved master/hardest/revelation witness replay plus complete profile arithmetic; not every old decoder replayed
absolute,14,fresh_hmm_2026096901_q4_s3_c1.0,"14  Fresh Q4, α=1, draw 2",minimax,,available,0.09071206651490948,0.09071206651491817,0.09071206651491383,4,cell_0249;cell_0459;cell_0499;cell_0940,,,saved master/hardest/revelation witness replay plus complete profile arithmetic; not every old decoder replayed
difference,14,fresh_hmm_2026096901_q4_s3_c1.0,"14  Fresh Q4, α=1, draw 2",weighted128,brier,available,0.01911612219600739,0.0191161221961519,0.019116122196079645,5,cell_0142;cell_0539;cell_0637;cell_0830;cell_0959,cell_0463,win,native representative envelope minus baseline/control envelope; follow-up controls replay every saved target witness
difference,14,fresh_hmm_2026096901_q4_s3_c1.0,"14  Fresh Q4, α=1, draw 2",weighted128,face_brier_0.05,available,0.008267265594104123,0.00826726559415375,0.008267265594128936,5,cell_0142;cell_0539;cell_0637;cell_0830;cell_0959,cell_0137,win,native representative envelope minus baseline/control envelope; follow-up controls replay every saved target witness
difference,14,fresh_hmm_2026096901_q4_s3_c1.0,"14  Fresh Q4, α=1, draw 2",minimax,brier,available,0.022830575799488856,0.02283057579961635,0.022830575799552603,4,cell_0249;cell_0459;cell_0499;cell_0940,cell_0463,win,native representative envelope minus baseline/control envelope; follow-up controls replay every saved target witness
difference,14,fresh_hmm_2026096901_q4_s3_c1.0,"14  Fresh Q4, α=1, draw 2",minimax,face_brier_0.05,available,0.011981719197585589,0.011981719197618201,0.011981719197601895,4,cell_0249;cell_0459;cell_0499;cell_0940,cell_0137,win,native representative envelope minus baseline/control envelope; follow-up controls replay every saved target witness
absolute,15,fresh_hmm_2026097000_q4_s3_c5.0,"15  Fresh Q4, α=5, draw 1",information,,available,0.0635130296951738,0.06351302969521427,0.06351302969519404,1,cell_0163,,,saved master/hardest/revelation witness replay plus complete profile arithmetic; not every old decoder replayed
absolute,15,fresh_hmm_2026097000_q4_s3_c5.0,"15  Fresh Q4, α=5, draw 1",brier,,available,0.0635130296951738,0.06351302969521427,0.06351302969519404,1,cell_0051,,,saved master/hardest/revelation witness replay plus complete profile arithmetic; not every old decoder replayed
absolute,15,fresh_hmm_2026097000_q4_s3_c5.0,"15  Fresh Q4, α=5, draw 1",pseudo_count,,available,0.060567211539251486,0.06056721153961613,0.06056721153943381,1,cell_0363,,,saved master/hardest/revelation witness replay plus complete profile arithmetic; not every old decoder replayed
absolute,15,fresh_hmm_2026097000_q4_s3_c5.0,"15  Fresh Q4, α=5, draw 1",uniform,,available,0.05222203222238975,0.052222032222430374,0.052222032222410064,1,cell_0401,,,saved master/hardest/revelation witness replay plus complete profile arithmetic; not every old decoder replayed
absolute,15,fresh_hmm_2026097000_q4_s3_c5.0,"15  Fresh Q4, α=5, draw 1",weighted128,,available,0.044114814913616684,0.044114814913716466,0.044114814913666575,3,cell_0465;cell_0825;cell_0877,,,saved master/hardest/revelation witness replay plus complete profile arithmetic; not every old decoder replayed
absolute,15,fresh_hmm_2026097000_q4_s3_c5.0,"15  Fresh Q4, α=5, draw 1",minimax,,available,0.041458045524616516,0.04156927174731709,0.0415136586359668,7,cell_0109;cell_0231;cell_0302;cell_0445;cell_0475;cell_0518;cell_0747,,,saved master/hardest/revelation witness replay plus complete profile arithmetic; not every old decoder replayed
difference,15,fresh_hmm_2026097000_q4_s3_c5.0,"15  Fresh Q4, α=5, draw 1",weighted128,brier,available,0.01939821478145734,0.01939821478159759,0.019398214781527465,3,cell_0465;cell_0825;cell_0877,cell_0051,win,native representative envelope minus baseline/control envelope; follow-up controls replay every saved target witness
difference,15,fresh_hmm_2026097000_q4_s3_c5.0,"15  Fresh Q4, α=5, draw 1",weighted128,face_brier_0.05,available,0.009583197730318377,0.009583197730455871,0.009583197730387124,3,cell_0465;cell_0825;cell_0877,cell_0099,win,native representative envelope minus baseline/control envelope; follow-up controls replay every saved target witness
difference,15,fresh_hmm_2026097000_q4_s3_c5.0,"15  Fresh Q4, α=5, draw 1",minimax,brier,available,0.021943757947856718,0.022054984170597758,0.021999371059227238,7,cell_0109;cell_0231;cell_0302;cell_0445;cell_0475;cell_0518;cell_0747,cell_0051,win,native representative envelope minus baseline/control envelope; follow-up controls replay every saved target witness
difference,15,fresh_hmm_2026097000_q4_s3_c5.0,"15  Fresh Q4, α=5, draw 1",minimax,face_brier_0.05,available,0.012128740896717755,0.01223996711945604,0.012184354008086897,7,cell_0109;cell_0231;cell_0302;cell_0445;cell_0475;cell_0518;cell_0747,cell_0099,win,native representative envelope minus baseline/control envelope; follow-up controls replay every saved target witness
absolute,16,fresh_hmm_2026097001_q4_s3_c5.0,"16  Fresh Q4, α=5, draw 2",information,,available,0.09592995446732999,0.0959299544675223,0.09592995446742614,1,cell_1118,,,saved master/hardest/revelation witness replay plus complete profile arithmetic; not every old decoder replayed
absolute,16,fresh_hmm_2026097001_q4_s3_c5.0,"16  Fresh Q4, α=5, draw 2",brier,,available,0.07473839912991231,0.07473839912994688,0.0747383991299296,1,cell_0356,,,saved master/hardest/revelation witness replay plus complete profile arithmetic; not every old decoder replayed
absolute,16,fresh_hmm_2026097001_q4_s3_c5.0,"16  Fresh Q4, α=5, draw 2",pseudo_count,,available,0.06681984101232463,0.06681984101238077,0.0668198410123527,1,cell_0603,,,saved master/hardest/revelation witness replay plus complete profile arithmetic; not every old decoder replayed
absolute,16,fresh_hmm_2026097001_q4_s3_c5.0,"16  Fresh Q4, α=5, draw 2",uniform,,available,0.07164355523026888,0.071643555230294,0.07164355523028144,1,cell_1160,,,saved master/hardest/revelation witness replay plus complete profile arithmetic; not every old decoder replayed
absolute,16,fresh_hmm_2026097001_q4_s3_c5.0,"16  Fresh Q4, α=5, draw 2",weighted128,,available,0.06038857312021906,0.060388573120317604,0.06038857312026833,5,cell_0096;cell_0349;cell_0513;cell_0652;cell_0865,,,saved master/hardest/revelation witness replay plus complete profile arithmetic; not every old decoder replayed
absolute,16,fresh_hmm_2026097001_q4_s3_c5.0,"16  Fresh Q4, α=5, draw 2",minimax,,available,0.060817338850360114,0.06088902283140421,0.06085318084088216,7,cell_0117;cell_0145;cell_0269;cell_0736;cell_0956;cell_0975;cell_1005,,,saved master/hardest/revelation witness replay plus complete profile arithmetic; not every old decoder replayed
difference,16,fresh_hmm_2026097001_q4_s3_c5.0,"16  Fresh Q4, α=5, draw 2",weighted128,brier,available,0.01434982600959471,0.014349826009727826,0.014349826009661268,5,cell_0096;cell_0349;cell_0513;cell_0652;cell_0865,cell_0356,win,native representative envelope minus baseline/control envelope; follow-up controls replay every saved target witness
difference,16,fresh_hmm_2026097001_q4_s3_c5.0,"16  Fresh Q4, α=5, draw 2",weighted128,face_brier_0.05,available,0.0056522622851007814,0.005652262286041404,0.005652262285571093,5,cell_0096;cell_0349;cell_0513;cell_0652;cell_0865,cell_0900,win,native representative envelope minus baseline/control envelope; follow-up controls replay every saved target witness
difference,16,fresh_hmm_2026097001_q4_s3_c5.0,"16  Fresh Q4, α=5, draw 2",minimax,brier,available,0.013849376298508104,0.01392106027958677,0.013885218289047437,7,cell_0117;cell_0145;cell_0269;cell_0736;cell_0956;cell_0975;cell_1005,cell_0356,win,native representative envelope minus baseline/control envelope; follow-up controls replay every saved target witness
difference,16,fresh_hmm_2026097001_q4_s3_c5.0,"16  Fresh Q4, α=5, draw 2",minimax,face_brier_0.05,available,0.005151812574014175,0.005223496555900348,0.005187654564957261,7,cell_0117;cell_0145;cell_0269;cell_0736;cell_0956;cell_0975;cell_1005,cell_0900,win,native representative envelope minus baseline/control envelope; follow-up controls replay every saved target witness
absolute,17,fresh_hmm_2026100800_q8_s3_c0.2,"17  Fresh Q8, α=0.2, draw 1",information,,available,0.49544205475842096,0.4954420548331768,0.4954420547957989,1,cell_0370,,,saved master/hardest/revelation witness replay plus complete profile arithmetic; not every old decoder replayed
absolute,17,fresh_hmm_2026100800_q8_s3_c0.2,"17  Fresh Q8, α=0.2, draw 1",brier,,available,0.49544205475842096,0.4954420548331768,0.4954420547957989,1,cell_0930,,,saved master/hardest/revelation witness replay plus complete profile arithmetic; not every old decoder replayed
absolute,17,fresh_hmm_2026100800_q8_s3_c0.2,"17  Fresh Q8, α=0.2, draw 1",pseudo_count,,available,0.4820008927489741,0.4820008927519231,0.4820008927504486,1,cell_0988,,,saved master/hardest/revelation witness replay plus complete profile arithmetic; not every old decoder replayed
absolute,17,fresh_hmm_2026100800_q8_s3_c0.2,"17  Fresh Q8, α=0.2, draw 1",uniform,,available,0.3058172071779265,0.3058172071779394,0.3058172071779329,1,cell_0460,,,saved master/hardest/revelation witness replay plus complete profile arithmetic; not every old decoder replayed
absolute,17,fresh_hmm_2026100800_q8_s3_c0.2,"17  Fresh Q8, α=0.2, draw 1",weighted128,,available,0.28905326601521086,0.2890532660174926,0.28905326601635173,6,cell_0070;cell_0081;cell_0251;cell_0507;cell_0647;cell_0842,,,all 32768 saved decoder and decision-loss witnesses replayed in follow-up
absolute,17,fresh_hmm_2026100800_q8_s3_c0.2,"17  Fresh Q8, α=0.2, draw 1",minimax,,available,0.2804914243821597,0.2804914243824958,0.28049142438232777,6,cell_0410;cell_0715;cell_0732;cell_0765;cell_0947;cell_0949,,,saved master/hardest/revelation witness replay plus complete profile arithmetic; not every old decoder replayed
difference,17,fresh_hmm_2026100800_q8_s3_c0.2,"17  Fresh Q8, α=0.2, draw 1",weighted128,brier,available,0.20638878874092836,0.20638878881796596,0.20638878877944716,6,cell_0070;cell_0081;cell_0251;cell_0507;cell_0647;cell_0842,cell_0930,win,native representative envelope minus baseline/control envelope; follow-up controls replay every saved target witness
difference,17,fresh_hmm_2026100800_q8_s3_c0.2,"17  Fresh Q8, α=0.2, draw 1",weighted128,face_brier_0.05,available,-0.017033191772495848,-0.017033191770209566,-0.017033191771352707,6,cell_0070;cell_0081;cell_0251;cell_0507;cell_0647;cell_0842,cell_0978,loss,native representative envelope minus baseline/control envelope; follow-up controls replay every saved target witness
difference,17,fresh_hmm_2026100800_q8_s3_c0.2,"17  Fresh Q8, α=0.2, draw 1",minimax,brier,available,0.21495063037592516,0.21495063045101714,0.21495063041347115,6,cell_0410;cell_0715;cell_0732;cell_0765;cell_0947;cell_0949,cell_0930,win,native representative envelope minus baseline/control envelope; follow-up controls replay every saved target witness
difference,17,fresh_hmm_2026100800_q8_s3_c0.2,"17  Fresh Q8, α=0.2, draw 1",minimax,face_brier_0.05,available,-0.008471350137499056,-0.008471350137158384,-0.00847135013732872,6,cell_0410;cell_0715;cell_0732;cell_0765;cell_0947;cell_0949,cell_0978,loss,native representative envelope minus baseline/control envelope; follow-up controls replay every saved target witness
absolute,18,fresh_hmm_2026100801_q8_s3_c0.2,"18  Fresh Q8, α=0.2, draw 2",information,,available,0.41472144646247444,0.4147214464624881,0.41472144646248127,1,cell_0221,,,saved master/hardest/revelation witness replay plus complete profile arithmetic; not every old decoder replayed
absolute,18,fresh_hmm_2026100801_q8_s3_c0.2,"18  Fresh Q8, α=0.2, draw 2",brier,,available,0.41472144646247444,0.4147214464624881,0.41472144646248127,1,cell_0368,,,saved master/hardest/revelation witness replay plus complete profile arithmetic; not every old decoder replayed
absolute,18,fresh_hmm_2026100801_q8_s3_c0.2,"18  Fresh Q8, α=0.2, draw 2",pseudo_count,,available,0.40420023309412667,0.40420023309412967,0.40420023309412817,1,cell_0948,,,saved master/hardest/revelation witness replay plus complete profile arithmetic; not every old decoder replayed
absolute,18,fresh_hmm_2026100801_q8_s3_c0.2,"18  Fresh Q8, α=0.2, draw 2",uniform,,missing,,,,0,,,,
absolute,18,fresh_hmm_2026100801_q8_s3_c0.2,"18  Fresh Q8, α=0.2, draw 2",weighted128,,available,0.255241963090024,0.25524196309010927,0.25524196309006664,5,cell_0425;cell_0451;cell_0578;cell_0635;cell_1014,,,all 32768 saved decoder and decision-loss witnesses replayed in follow-up; saved master/hardest/revelation witness replay plus complete profile arithmetic; not every old decoder replayed
absolute,18,fresh_hmm_2026100801_q8_s3_c0.2,"18  Fresh Q8, α=0.2, draw 2",minimax,,available,0.22529182710347695,0.22529182710349271,0.22529182710348483,5,cell_0374;cell_0396;cell_0420;cell_0478;cell_0631,,,saved master/hardest/revelation witness replay plus complete profile arithmetic; not every old decoder replayed
difference,18,fresh_hmm_2026100801_q8_s3_c0.2,"18  Fresh Q8, α=0.2, draw 2",weighted128,brier,available,0.15947948337236517,0.1594794833724641,0.15947948337241463,5,cell_0425;cell_0451;cell_0578;cell_0635;cell_1014,cell_0368,win,native representative envelope minus baseline/control envelope; follow-up controls replay every saved target witness
difference,18,fresh_hmm_2026100801_q8_s3_c0.2,"18  Fresh Q8, α=0.2, draw 2",weighted128,face_brier_0.05,available,0.0021520419295921744,0.002152041929685544,0.0021520419296388593,5,cell_0425;cell_0451;cell_0578;cell_0635;cell_1014,cell_0621,win,native representative envelope minus baseline/control envelope; follow-up controls replay every saved target witness
difference,18,fresh_hmm_2026100801_q8_s3_c0.2,"18  Fresh Q8, α=0.2, draw 2",minimax,brier,available,0.18942961935898173,0.18942961935901115,0.18942961935899644,5,cell_0374;cell_0396;cell_0420;cell_0478;cell_0631,cell_0368,win,native representative envelope minus baseline/control envelope; follow-up controls replay every saved target witness
difference,18,fresh_hmm_2026100801_q8_s3_c0.2,"18  Fresh Q8, α=0.2, draw 2",minimax,face_brier_0.05,available,0.03210217791620873,0.0321021779162326,0.032102177916220664,5,cell_0374;cell_0396;cell_0420;cell_0478;cell_0631,cell_0621,win,native representative envelope minus baseline/control envelope; follow-up controls replay every saved target witness
absolute,19,fresh_hmm_2026100900_q8_s3_c1.0,"19  Fresh Q8, α=1, draw 1",information,,available,0.198406613339571,0.19840661333971843,0.1984066133396447,1,cell_0044,,,saved master/hardest/revelation witness replay plus complete profile arithmetic; not every old decoder replayed
absolute,19,fresh_hmm_2026100900_q8_s3_c1.0,"19  Fresh Q8, α=1, draw 1",brier,,available,0.198406613339571,0.19840661333971843,0.1984066133396447,1,cell_0754,,,saved master/hardest/revelation witness replay plus complete profile arithmetic; not every old decoder replayed
absolute,19,fresh_hmm_2026100900_q8_s3_c1.0,"19  Fresh Q8, α=1, draw 1",pseudo_count,,available,0.23179165720133077,0.23179165720135952,0.23179165720134515,1,cell_0472,,,saved master/hardest/revelation witness replay plus complete profile arithmetic; not every old decoder replayed
absolute,19,fresh_hmm_2026100900_q8_s3_c1.0,"19  Fresh Q8, α=1, draw 1",uniform,,available,0.1440352657660815,0.14403526576608439,0.14403526576608294,1,cell_0212,,,saved master/hardest/revelation witness replay plus complete profile arithmetic; not every old decoder replayed
absolute,19,fresh_hmm_2026100900_q8_s3_c1.0,"19  Fresh Q8, α=1, draw 1",weighted128,,available,0.12987309072256137,0.12987309072258935,0.12987309072257536,6,cell_0022;cell_0123;cell_0258;cell_0298;cell_0441;cell_0450,,,saved master/hardest/revelation witness replay plus complete profile arithmetic; not every old decoder replayed
absolute,19,fresh_hmm_2026100900_q8_s3_c1.0,"19  Fresh Q8, α=1, draw 1",minimax,,available,0.1277291992214924,0.12772919922153947,0.12772919922151593,5,cell_0125;cell_0380;cell_0497;cell_0530;cell_0680,,,saved master/hardest/revelation witness replay plus complete profile arithmetic; not every old decoder replayed
difference,19,fresh_hmm_2026100900_q8_s3_c1.0,"19  Fresh Q8, α=1, draw 1",weighted128,brier,available,0.06853352261698165,0.06853352261715706,0.06853352261706935,6,cell_0022;cell_0123;cell_0258;cell_0298;cell_0441;cell_0450,cell_0754,win,native representative envelope minus baseline/control envelope; follow-up controls replay every saved target witness
difference,19,fresh_hmm_2026100900_q8_s3_c1.0,"19  Fresh Q8, α=1, draw 1",weighted128,face_brier_0.05,available,0.02278606804752492,0.02278606804848579,0.022786068048005356,6,cell_0022;cell_0123;cell_0258;cell_0298;cell_0441;cell_0450,cell_0071,win,native representative envelope minus baseline/control envelope; follow-up controls replay every saved target witness
difference,19,fresh_hmm_2026100900_q8_s3_c1.0,"19  Fresh Q8, α=1, draw 1",minimax,brier,available,0.07067741411803152,0.07067741411822603,0.07067741411812878,5,cell_0125;cell_0380;cell_0497;cell_0530;cell_0680,cell_0754,win,native representative envelope minus baseline/control envelope; follow-up controls replay every saved target witness
difference,19,fresh_hmm_2026100900_q8_s3_c1.0,"19  Fresh Q8, α=1, draw 1",minimax,face_brier_0.05,available,0.024929959548574798,0.024929959549554764,0.02492995954906478,5,cell_0125;cell_0380;cell_0497;cell_0530;cell_0680,cell_0071,win,native representative envelope minus baseline/control envelope; follow-up controls replay every saved target witness
absolute,20,fresh_hmm_2026100901_q8_s3_c1.0,"20  Fresh Q8, α=1, draw 2",information,,available,0.18313483784365936,0.18313483784498572,0.18313483784432255,1,cell_0760,,,saved master/hardest/revelation witness replay plus complete profile arithmetic; not every old decoder replayed
absolute,20,fresh_hmm_2026100901_q8_s3_c1.0,"20  Fresh Q8, α=1, draw 2",brier,,available,0.18313483784365936,0.18313483784498572,0.18313483784432255,1,cell_0275,,,saved master/hardest/revelation witness replay plus complete profile arithmetic; not every old decoder replayed
absolute,20,fresh_hmm_2026100901_q8_s3_c1.0,"20  Fresh Q8, α=1, draw 2",pseudo_count,,available,0.1993180865930233,0.19931808659309502,0.19931808659305916,1,cell_0485,,,saved master/hardest/revelation witness replay plus complete profile arithmetic; not every old decoder replayed
absolute,20,fresh_hmm_2026100901_q8_s3_c1.0,"20  Fresh Q8, α=1, draw 2",uniform,,available,0.1235322131021146,0.12353221310225224,0.12353221310218342,1,cell_0324,,,saved master/hardest/revelation witness replay plus complete profile arithmetic; not every old decoder replayed
absolute,20,fresh_hmm_2026100901_q8_s3_c1.0,"20  Fresh Q8, α=1, draw 2",weighted128,,available,0.11116598534360378,0.11116598534369068,0.11116598534364723,5,cell_0367;cell_0591;cell_0714;cell_0762;cell_0890,,,saved master/hardest/revelation witness replay plus complete profile arithmetic; not every old decoder replayed
absolute,20,fresh_hmm_2026100901_q8_s3_c1.0,"20  Fresh Q8, α=1, draw 2",minimax,,available,0.1054163812401866,0.10541638124035975,0.10541638124027317,7,cell_0079;cell_0270;cell_0375;cell_0444;cell_0493;cell_0625;cell_0920,,,saved master/hardest/revelation witness replay plus complete profile arithmetic; not every old decoder replayed
difference,20,fresh_hmm_2026100901_q8_s3_c1.0,"20  Fresh Q8, α=1, draw 2",weighted128,brier,available,0.07196885249996868,0.07196885250138194,0.0719688525006753,5,cell_0367;cell_0591;cell_0714;cell_0762;cell_0890,cell_0275,win,native representative envelope minus baseline/control envelope; follow-up controls replay every saved target witness
difference,20,fresh_hmm_2026100901_q8_s3_c1.0,"20  Fresh Q8, α=1, draw 2",weighted128,face_brier_0.05,available,0.04971795554281758,0.049717955543016,0.04971795554291679,5,cell_0367;cell_0591;cell_0714;cell_0762;cell_0890,cell_0407,win,native representative envelope minus baseline/control envelope; follow-up controls replay every saved target witness
difference,20,fresh_hmm_2026100901_q8_s3_c1.0,"20  Fresh Q8, α=1, draw 2",minimax,brier,available,0.07771845660329961,0.07771845660479912,0.07771845660404936,7,cell_0079;cell_0270;cell_0375;cell_0444;cell_0493;cell_0625;cell_0920,cell_0275,win,native representative envelope minus baseline/control envelope; follow-up controls replay every saved target witness
difference,20,fresh_hmm_2026100901_q8_s3_c1.0,"20  Fresh Q8, α=1, draw 2",minimax,face_brier_0.05,available,0.05546755964614851,0.055467559646433184,0.05546755964629085,7,cell_0079;cell_0270;cell_0375;cell_0444;cell_0493;cell_0625;cell_0920,cell_0407,win,native representative envelope minus baseline/control envelope; follow-up controls replay every saved target witness
absolute,21,fresh_hmm_2026101000_q8_s3_c5.0,"21  Fresh Q8, α=5, draw 1",information,,available,0.11848064808345726,0.11848064808350636,0.11848064808348181,1,cell_0110,,,saved master/hardest/revelation witness replay plus complete profile arithmetic; not every old decoder replayed
absolute,21,fresh_hmm_2026101000_q8_s3_c5.0,"21  Fresh Q8, α=5, draw 1",brier,,available,0.09655142178499676,0.09655142178603321,0.09655142178551498,1,cell_1064,,,saved master/hardest/revelation witness replay plus complete profile arithmetic; not every old decoder replayed
absolute,21,fresh_hmm_2026101000_q8_s3_c5.0,"21  Fresh Q8, α=5, draw 1",pseudo_count,,available,0.14797290479027203,0.14797290479028044,0.14797290479027625,1,cell_0748,,,saved master/hardest/revelation witness replay plus complete profile arithmetic; not every old decoder replayed
absolute,21,fresh_hmm_2026101000_q8_s3_c5.0,"21  Fresh Q8, α=5, draw 1",uniform,,available,0.09153943138204135,0.09153943138206078,0.09153943138205106,1,cell_1089,,,saved master/hardest/revelation witness replay plus complete profile arithmetic; not every old decoder replayed
absolute,21,fresh_hmm_2026101000_q8_s3_c5.0,"21  Fresh Q8, α=5, draw 1",weighted128,,available,0.07235499152528646,0.07235499152533195,0.0723549915253092,6,cell_0330;cell_0419;cell_0543;cell_0549;cell_0600;cell_0997,,,saved master/hardest/revelation witness replay plus complete profile arithmetic; not every old decoder replayed
absolute,21,fresh_hmm_2026101000_q8_s3_c5.0,"21  Fresh Q8, α=5, draw 1",minimax,,available,0.08211843742300096,0.08250394631801869,0.08231119187050982,6,cell_0013;cell_0019;cell_0204;cell_0343;cell_0435;cell_0814,,,saved master/hardest/revelation witness replay plus complete profile arithmetic; not every old decoder replayed
difference,21,fresh_hmm_2026101000_q8_s3_c5.0,"21  Fresh Q8, α=5, draw 1",weighted128,brier,available,0.02419643025966481,0.02419643026074675,0.02419643026020578,6,cell_0330;cell_0419;cell_0543;cell_0549;cell_0600;cell_0997,cell_1064,win,native representative envelope minus baseline/control envelope; follow-up controls replay every saved target witness
difference,21,fresh_hmm_2026101000_q8_s3_c5.0,"21  Fresh Q8, α=5, draw 1",weighted128,face_brier_0.05,missing,,,,0,,,,
difference,21,fresh_hmm_2026101000_q8_s3_c5.0,"21  Fresh Q8, α=5, draw 1",minimax,brier,available,0.014047475466978071,0.014432984363032253,0.014240229915005162,6,cell_0013;cell_0019;cell_0204;cell_0343;cell_0435;cell_0814,cell_1064,win,native representative envelope minus baseline/control envelope; follow-up controls replay every saved target witness
difference,21,fresh_hmm_2026101000_q8_s3_c5.0,"21  Fresh Q8, α=5, draw 1",minimax,face_brier_0.05,missing,,,,0,,,,
absolute,22,fresh_hmm_2026101001_q8_s3_c5.0,"22  Fresh Q8, α=5, draw 2",information,,available,0.10938269312569171,0.1093826931257007,0.1093826931256962,1,cell_0036,,,saved master/hardest/revelation witness replay plus complete profile arithmetic; not every old decoder replayed
absolute,22,fresh_hmm_2026101001_q8_s3_c5.0,"22  Fresh Q8, α=5, draw 2",brier,,available,0.10938269312569171,0.1093826931257007,0.1093826931256962,1,cell_0811,,,saved master/hardest/revelation witness replay plus complete profile arithmetic; not every old decoder replayed
absolute,22,fresh_hmm_2026101001_q8_s3_c5.0,"22  Fresh Q8, α=5, draw 2",pseudo_count,,available,0.0846470554676384,0.08464705546764666,0.08464705546764253,1,cell_0438,,,saved master/hardest/revelation witness replay plus complete profile arithmetic; not every old decoder replayed
absolute,22,fresh_hmm_2026101001_q8_s3_c5.0,"22  Fresh Q8, α=5, draw 2",uniform,,available,0.07218598180787439,0.07218598180795652,0.07218598180791545,1,cell_0236,,,saved master/hardest/revelation witness replay plus complete profile arithmetic; not every old decoder replayed
absolute,22,fresh_hmm_2026101001_q8_s3_c5.0,"22  Fresh Q8, α=5, draw 2",weighted128,,available,0.06260334154482383,0.06260334154540849,0.06260334154511615,5,cell_0252;cell_0354;cell_0798;cell_0859;cell_0958,,,saved master/hardest/revelation witness replay plus complete profile arithmetic; not every old decoder replayed
absolute,22,fresh_hmm_2026101001_q8_s3_c5.0,"22  Fresh Q8, α=5, draw 2",minimax,,available,0.0682530452378064,0.06855091315301684,0.06840197919541162,7,cell_0054;cell_0069;cell_0104;cell_0296;cell_0400;cell_0659;cell_0991,,,saved master/hardest/revelation witness replay plus complete profile arithmetic; not every old decoder replayed
difference,22,fresh_hmm_2026101001_q8_s3_c5.0,"22  Fresh Q8, α=5, draw 2",weighted128,brier,available,0.04677935158028322,0.04677935158087687,0.046779351580580046,5,cell_0252;cell_0354;cell_0798;cell_0859;cell_0958,cell_0811,win,native representative envelope minus baseline/control envelope; follow-up controls replay every saved target witness
difference,22,fresh_hmm_2026101001_q8_s3_c5.0,"22  Fresh Q8, α=5, draw 2",weighted128,face_brier_0.05,missing,,,,0,,,,
difference,22,fresh_hmm_2026101001_q8_s3_c5.0,"22  Fresh Q8, α=5, draw 2",minimax,brier,available,0.04083177997267487,0.041129647887894305,0.04098071393028459,7,cell_0054;cell_0069;cell_0104;cell_0296;cell_0400;cell_0659;cell_0991,cell_0811,win,native representative envelope minus baseline/control envelope; follow-up controls replay every saved target witness
difference,22,fresh_hmm_2026101001_q8_s3_c5.0,"22  Fresh Q8, α=5, draw 2",minimax,face_brier_0.05,missing,,,,0,,,,
