case,method,lower,upper,cells
sensors_0.1_0.1,uniform,0.14580000000000026,0.1458000000068134,cell_0856
sensors_0.1_0.1,information,0.1104626373626375,0.1104626374380964,cell_0626
sensors_0.1_0.1,brier,0.1104626373626375,0.1104626374380964,cell_0189
sensors_0.1_0.1,pseudo_count,0.1100175824175823,0.1100175824176154,cell_0382
sensors_0.1_0.1,weighted128,0.09755604395604411,0.0975560439561121,cell_0143;cell_0193;cell_0479;cell_0700;cell_0873;cell_0960
sensors_0.1_0.1,minimax,0.09765936611058401,0.09765936611059937,cell_0004;cell_0290;cell_0891;cell_0933;cell_0969
sensors_0.1_0.3,uniform,0.12335000000000007,0.12335000000019881,cell_0689
sensors_0.1_0.3,information,0.13691999999999993,0.1369200000013425,cell_1091
sensors_0.1_0.3,brier,0.13691999999999993,0.1369200000013425,cell_0592
sensors_0.1_0.3,pseudo_count,0.10940516637478126,0.10940516637480555,cell_0043
sensors_0.1_0.3,weighted128,0.10551215193401975,0.10551215193402697,cell_0106;cell_0113;cell_0442;cell_0847;cell_0921
sensors_0.1_0.3,minimax,0.10143787200231535,0.10355747836774203,cell_0090;cell_0383;cell_0561;cell_0806;cell_0818;cell_0843;cell_0862
sensors_0.25_0.25,uniform,0.12169471153846145,0.12169471153855844,cell_0102
sensors_0.25_0.25,information,0.1376953125,0.13769531250051475,cell_0922
sensors_0.25_0.25,brier,0.10817307692307698,0.10817307692314064,cell_0773
sensors_0.25_0.25,pseudo_count,0.10817307692307698,0.10817307692314064,cell_0767
sensors_0.25_0.25,weighted128,0.10817307692307687,0.10817307692314727,cell_0230;cell_0286;cell_0387;cell_0415;cell_0704;cell_0951
sensors_0.25_0.25,minimax,0.10824462167073068,0.10824462167074037,cell_0183;cell_0242;cell_0734;cell_0886;cell_0989
delayed_0.1_0.1,uniform,0.32200000000000006,0.3220000000000309,cell_0130
delayed_0.1_0.1,information,0.13614545454545468,0.13614545454550758,cell_1015
delayed_0.1_0.1,brier,0.13614545454545468,0.13614545454550758,cell_1101
delayed_0.1_0.1,pseudo_count,0.2220000000000001,0.22200000000773898,cell_0931
delayed_0.1_0.1,weighted128,0.12844788475633384,0.12844788475639837,cell_0329;cell_0554;cell_0588;cell_0677;cell_0726;cell_0786
delayed_0.1_0.1,minimax,0.12708637562292313,0.1270863756229799,cell_0219;cell_0522;cell_0542;cell_0579;cell_0643;cell_0771;cell_0848
delayed_0.25_0.1,uniform,0.24999999999999967,0.25000000000001055,cell_0658
delayed_0.25_0.1,information,0.3437499999999999,0.3437500000000052,cell_0402
delayed_0.25_0.1,brier,0.14323846153846165,0.14323846153848244,cell_0208
delayed_0.25_0.1,pseudo_count,0.1875,0.18750000000001676,cell_1182
delayed_0.25_0.1,weighted128,0.18157201405152223,0.18157201405261336,cell_0014;cell_0097;cell_0248;cell_0331;cell_0540
delayed_0.25_0.1,minimax,0.16621672425929457,0.1662167242594429,cell_0129;cell_0569;cell_0573;cell_0642;cell_0712;cell_0899
irreversible_0.1_0.1,uniform,0.236,0.23600000000000043,cell_0783
irreversible_0.1_0.1,information,0.236,0.23600000000000043,cell_1174
irreversible_0.1_0.1,brier,0.236,0.23600000000000043,cell_0350
irreversible_0.1_0.1,pseudo_count,0.236,0.23600000000000043,cell_0751
irreversible_0.1_0.1,weighted128,0.24568904659858837,0.24568904659858876,cell_0268;cell_0449;cell_0505;cell_0702;cell_0724;cell_0972
irreversible_0.1_0.1,minimax,0.23599999999999977,0.23600000000000043,cell_0202;cell_0205;cell_0264;cell_0394;cell_0688;cell_0695
irreversible_0.1_0.3,uniform,0.23599999999999943,0.2360000000000003,cell_0067
irreversible_0.1_0.3,information,0.2839999999999997,0.28400000000000014,cell_0696
irreversible_0.1_0.3,brier,0.2839999999999997,0.28400000000000014,cell_0608
irreversible_0.1_0.3,pseudo_count,0.4719999999999879,0.472000000000001,cell_0024
irreversible_0.1_0.3,weighted128,0.2839999999999996,0.28400000000006675,cell_0176;cell_0738;cell_0816;cell_0844
irreversible_0.1_0.3,minimax,0.17731216931216787,0.17731216931217297,cell_0128;cell_0483;cell_0504;cell_0517;cell_0819;cell_0981
hmm_91501_0.2,uniform,0.21589698832103243,0.2158969883210402,cell_0056
hmm_91501_0.2,information,0.14571367402968116,0.145713674029692,cell_0377
hmm_91501_0.2,brier,0.14071928791242472,0.14071928791253274,cell_0262
hmm_91501_0.2,pseudo_count,0.32178274273839613,0.3217827427384442,cell_0594
hmm_91501_0.2,weighted128,0.1270643773108392,0.1270643773108411,cell_0217;cell_0454;cell_0575;cell_0692;cell_0907
hmm_91501_0.2,minimax,0.11977649982477556,0.11977649982477892,cell_0181;cell_0224;cell_0229;cell_0357;cell_0371;cell_0763;cell_0788
hmm_91502_1.0,uniform,0.12262977797727026,0.12262977797737809,cell_1016
hmm_91502_1.0,information,0.1260086376202756,0.12600863762077877,cell_0172
hmm_91502_1.0,brier,0.1551159087779873,0.15511590877804715,cell_0154
hmm_91502_1.0,pseudo_count,0.14368885522148012,0.14368885522159341,cell_0852
hmm_91502_1.0,weighted128,0.10163139108490071,0.10163139108516148,cell_0041;cell_0074;cell_0200;cell_0422;cell_0781;cell_0892
hmm_91502_1.0,minimax,0.09583012621369069,0.09583012621372645,cell_0012;cell_0068;cell_0342;cell_0558;cell_0826;cell_0895
hmm_91503_5.0,uniform,0.10409462450815965,0.10409462450816717,cell_0986
hmm_91503_5.0,information,0.12923380444822685,0.1292338044482423,cell_0352
hmm_91503_5.0,brier,0.12923380444822685,0.1292338044482423,cell_0710
hmm_91503_5.0,pseudo_count,0.13384831808345588,0.1338483180835675,cell_0602
hmm_91503_5.0,weighted128,0.07621005203107145,0.0762100520310722,cell_0055;cell_0072;cell_0536;cell_0636;cell_1010
hmm_91503_5.0,minimax,0.08631236473598347,0.08631236473616169,cell_0134;cell_0139;cell_0174;cell_0389;cell_0718;cell_0916;cell_0961
fresh_hmm_2026096800_q4_s3_c0.2,uniform,0.33402145667225625,0.3340214566725261,cell_0509
fresh_hmm_2026096800_q4_s3_c0.2,information,0.3984554693581155,0.3984554693591296,cell_0835
fresh_hmm_2026096800_q4_s3_c0.2,brier,0.3984554693581155,0.3984554693591296,cell_1186
fresh_hmm_2026096800_q4_s3_c0.2,pseudo_count,0.45228789557153004,0.4522878955715306,cell_1076
fresh_hmm_2026096800_q4_s3_c0.2,weighted128,0.24148235848196475,0.2414823584819738,cell_0192;cell_0312;cell_0630;cell_0836;cell_0979
fresh_hmm_2026096800_q4_s3_c0.2,minimax,0.2307330405903283,0.2307345495062711,cell_0261;cell_0520;cell_0638;cell_0693;cell_0923;cell_0944;cell_1003
fresh_hmm_2026096801_q4_s3_c0.2,uniform,0.21185326040950936,0.21185326041064717,cell_0457
fresh_hmm_2026096801_q4_s3_c0.2,information,0.1818500063578664,0.18185000635786747,cell_0303
fresh_hmm_2026096801_q4_s3_c0.2,brier,0.1818500063578664,0.18185000635786747,cell_0809
fresh_hmm_2026096801_q4_s3_c0.2,pseudo_count,0.19533007904298405,0.19533007904393299,cell_0628
fresh_hmm_2026096801_q4_s3_c0.2,weighted128,0.16680226356834016,0.16680226356858024,cell_0008;cell_0226;cell_0234;cell_0623;cell_0950
fresh_hmm_2026096801_q4_s3_c0.2,minimax,0.15713183896886695,0.15713183896923716,cell_0467;cell_0661;cell_0745;cell_0807;cell_0834;cell_0909
fresh_hmm_2026096900_q4_s3_c1.0,uniform,0.10598841273918835,0.10598841273926186,cell_0701
fresh_hmm_2026096900_q4_s3_c1.0,information,0.1039265257349381,0.10392652573497155,cell_0529
fresh_hmm_2026096900_q4_s3_c1.0,brier,0.1010853852171355,0.1010853852172996,cell_0567
fresh_hmm_2026096900_q4_s3_c1.0,pseudo_count,0.1503760159695292,0.15037601596953748,cell_0871
fresh_hmm_2026096900_q4_s3_c1.0,weighted128,0.08587170551077916,0.08587170551078177,cell_0077;cell_0206;cell_0210;cell_0305;cell_0607;cell_0977
fresh_hmm_2026096900_q4_s3_c1.0,minimax,0.08727325941600172,0.08727325941651778,cell_0116;cell_0170;cell_0223;cell_0534;cell_0667;cell_0749
fresh_hmm_2026096901_q4_s3_c1.0,uniform,0.09939868235996396,0.09939868235998883,cell_0605
fresh_hmm_2026096901_q4_s3_c1.0,information,0.11354264231440703,0.11354264231452584,cell_0683
fresh_hmm_2026096901_q4_s3_c1.0,brier,0.11354264231440703,0.11354264231452584,cell_0463
fresh_hmm_2026096901_q4_s3_c1.0,pseudo_count,0.12322426136800058,0.1232242613682088,cell_0498
fresh_hmm_2026096901_q4_s3_c1.0,weighted128,0.09442652011837394,0.09442652011839964,cell_0142;cell_0539;cell_0637;cell_0830;cell_0959
fresh_hmm_2026096901_q4_s3_c1.0,minimax,0.09071206651490948,0.09071206651491817,cell_0249;cell_0459;cell_0499;cell_0940
fresh_hmm_2026097000_q4_s3_c5.0,uniform,0.05222203222238975,0.052222032222430374,cell_0401
fresh_hmm_2026097000_q4_s3_c5.0,information,0.0635130296951738,0.06351302969521427,cell_0163
fresh_hmm_2026097000_q4_s3_c5.0,brier,0.0635130296951738,0.06351302969521427,cell_0051
fresh_hmm_2026097000_q4_s3_c5.0,pseudo_count,0.060567211539251486,0.06056721153961613,cell_0363
fresh_hmm_2026097000_q4_s3_c5.0,weighted128,0.044114814913616684,0.044114814913716466,cell_0465;cell_0825;cell_0877
fresh_hmm_2026097000_q4_s3_c5.0,minimax,0.041458045524616516,0.04156927174731709,cell_0109;cell_0231;cell_0302;cell_0445;cell_0475;cell_0518;cell_0747
fresh_hmm_2026097001_q4_s3_c5.0,uniform,0.07164355523026888,0.071643555230294,cell_1160
fresh_hmm_2026097001_q4_s3_c5.0,information,0.09592995446732999,0.0959299544675223,cell_1118
fresh_hmm_2026097001_q4_s3_c5.0,brier,0.07473839912991231,0.07473839912994688,cell_0356
fresh_hmm_2026097001_q4_s3_c5.0,pseudo_count,0.06681984101232463,0.06681984101238077,cell_0603
fresh_hmm_2026097001_q4_s3_c5.0,weighted128,0.06038857312021906,0.060388573120317604,cell_0096;cell_0349;cell_0513;cell_0652;cell_0865
fresh_hmm_2026097001_q4_s3_c5.0,minimax,0.060817338850360114,0.06088902283140421,cell_0117;cell_0145;cell_0269;cell_0736;cell_0956;cell_0975;cell_1005
fresh_hmm_2026100800_q8_s3_c0.2,uniform,0.3058172071779265,0.3058172071779394,cell_0460
fresh_hmm_2026100800_q8_s3_c0.2,information,0.49544205475842096,0.4954420548331768,cell_0370
fresh_hmm_2026100800_q8_s3_c0.2,brier,0.49544205475842096,0.4954420548331768,cell_0930
fresh_hmm_2026100800_q8_s3_c0.2,pseudo_count,0.4820008927489741,0.4820008927519231,cell_0988
fresh_hmm_2026100800_q8_s3_c0.2,weighted128,0.28905326601521086,0.2890532660174926,cell_0070;cell_0081;cell_0251;cell_0507;cell_0647;cell_0842
fresh_hmm_2026100800_q8_s3_c0.2,minimax,0.2804914243821597,0.2804914243824958,cell_0410;cell_0715;cell_0732;cell_0765;cell_0947;cell_0949
fresh_hmm_2026100801_q8_s3_c0.2,information,0.41472144646247444,0.4147214464624881,cell_0221
fresh_hmm_2026100801_q8_s3_c0.2,brier,0.41472144646247444,0.4147214464624881,cell_0368
fresh_hmm_2026100801_q8_s3_c0.2,pseudo_count,0.40420023309412667,0.40420023309412967,cell_0948
fresh_hmm_2026100801_q8_s3_c0.2,weighted128,0.255241963090024,0.25524196309010927,cell_0425;cell_0451;cell_0578;cell_0635;cell_1014
fresh_hmm_2026100801_q8_s3_c0.2,minimax,0.22529182710347695,0.22529182710349271,cell_0374;cell_0396;cell_0420;cell_0478;cell_0631
fresh_hmm_2026100900_q8_s3_c1.0,uniform,0.1440352657660815,0.14403526576608439,cell_0212
fresh_hmm_2026100900_q8_s3_c1.0,information,0.198406613339571,0.19840661333971843,cell_0044
fresh_hmm_2026100900_q8_s3_c1.0,brier,0.198406613339571,0.19840661333971843,cell_0754
fresh_hmm_2026100900_q8_s3_c1.0,pseudo_count,0.23179165720133077,0.23179165720135952,cell_0472
fresh_hmm_2026100900_q8_s3_c1.0,weighted128,0.12987309072256137,0.12987309072258935,cell_0022;cell_0123;cell_0258;cell_0298;cell_0441;cell_0450
fresh_hmm_2026100900_q8_s3_c1.0,minimax,0.1277291992214924,0.12772919922153947,cell_0125;cell_0380;cell_0497;cell_0530;cell_0680
fresh_hmm_2026100901_q8_s3_c1.0,uniform,0.1235322131021146,0.12353221310225224,cell_0324
fresh_hmm_2026100901_q8_s3_c1.0,information,0.18313483784365936,0.18313483784498572,cell_0760
fresh_hmm_2026100901_q8_s3_c1.0,brier,0.18313483784365936,0.18313483784498572,cell_0275
fresh_hmm_2026100901_q8_s3_c1.0,pseudo_count,0.1993180865930233,0.19931808659309502,cell_0485
fresh_hmm_2026100901_q8_s3_c1.0,weighted128,0.11116598534360378,0.11116598534369068,cell_0367;cell_0591;cell_0714;cell_0762;cell_0890
fresh_hmm_2026100901_q8_s3_c1.0,minimax,0.1054163812401866,0.10541638124035975,cell_0079;cell_0270;cell_0375;cell_0444;cell_0493;cell_0625;cell_0920
fresh_hmm_2026101000_q8_s3_c5.0,uniform,0.09153943138204135,0.09153943138206078,cell_1089
fresh_hmm_2026101000_q8_s3_c5.0,information,0.11848064808345726,0.11848064808350636,cell_0110
fresh_hmm_2026101000_q8_s3_c5.0,brier,0.09655142178499676,0.09655142178603321,cell_1064
fresh_hmm_2026101000_q8_s3_c5.0,pseudo_count,0.14797290479027203,0.14797290479028044,cell_0748
fresh_hmm_2026101000_q8_s3_c5.0,weighted128,0.07235499152528646,0.07235499152533195,cell_0330;cell_0419;cell_0543;cell_0549;cell_0600;cell_0997
fresh_hmm_2026101000_q8_s3_c5.0,minimax,0.08211843742300096,0.08250394631801869,cell_0013;cell_0019;cell_0204;cell_0343;cell_0435;cell_0814
fresh_hmm_2026101001_q8_s3_c5.0,uniform,0.07218598180787439,0.07218598180795652,cell_0236
fresh_hmm_2026101001_q8_s3_c5.0,information,0.10938269312569171,0.1093826931257007,cell_0036
fresh_hmm_2026101001_q8_s3_c5.0,brier,0.10938269312569171,0.1093826931257007,cell_0811
fresh_hmm_2026101001_q8_s3_c5.0,pseudo_count,0.0846470554676384,0.08464705546764666,cell_0438
fresh_hmm_2026101001_q8_s3_c5.0,weighted128,0.06260334154482383,0.06260334154540849,cell_0252;cell_0354;cell_0798;cell_0859;cell_0958
fresh_hmm_2026101001_q8_s3_c5.0,minimax,0.0682530452378064,0.06855091315301684,cell_0054;cell_0069;cell_0104;cell_0296;cell_0400;cell_0659;cell_0991
