run,case,t,n,K,objective,status,lower,upper,gap,iterations,cuts,master_variables,monolithic_variables,decomposition_seconds,monolithic_compute_and_audit_seconds,monolithic_export_seconds,monolithic_failure
results_fair_timing,sensors_0.1_0.3,3,2,8,native_weighted,compared_passed,0.026999999999999462,0.027000000000015217,1.5754758608821362e-14,5,16,50,2226,0.0775213809683919,0.18947856780141592,0.004962222650647163,
results_fair_timing,sensors_0.1_0.3,3,2,8,native_minimax,compared_passed,0.03876923076922997,0.03876923077623959,7.009615110575851e-12,9,39,43,2227,0.1635402338579297,0.20845952443778515,0.004966864362359047,
results_fair_timing,irreversible_0.1_0.1,3,2,8,native_weighted,compared_passed,0.16399999999999956,0.16400000000000162,2.0539125955565396e-15,3,12,50,2226,0.04170890245586634,0.12854603305459023,0.0049334317445755005,
results_fair_timing,irreversible_0.1_0.1,3,2,8,native_minimax,compared_passed,0.1639999999999998,0.1640000000000001,2.7755575615628914e-16,3,12,43,2227,0.040755292400717735,0.11670929286628962,0.004582332447171211,
results_fair_timing,hmm_91501_0.2,3,2,8,native_weighted,compared_passed,0.018573229284579718,0.018573425723422837,1.9643884311901227e-07,13,63,50,2226,0.2594809252768755,0.1633978085592389,0.00515533983707428,
results_fair_timing,hmm_91501_0.2,3,2,8,native_minimax,compared_passed,0.025420799514442927,0.025420799514444974,2.0469737016526324e-15,10,38,43,2227,0.1897223647683859,0.1893635829910636,0.004893142729997635,
results_fair_timing,sensors_0.1_0.3,3,3,16,native_weighted,compared_passed,0.05054077537713614,0.050540775378026134,8.899964099029489e-13,8,80,58,8762,0.2951071783900261,1.34308709949255,0.015910512767732143,
results_fair_timing,sensors_0.1_0.3,3,3,16,native_minimax,compared_passed,0.07999999999999899,0.08000000000001889,1.990074771640593e-14,3,30,43,8763,0.09345910418778658,1.692373724654317,0.014442207291722298,
results_fair_timing,irreversible_0.1_0.1,3,3,16,native_weighted,compared_passed,0.23599999999996132,0.23600000000000648,4.515832152662824e-14,3,16,58,8762,0.07383339758962393,0.7841430800035596,0.014180229976773262,
results_fair_timing,irreversible_0.1_0.1,3,3,16,native_minimax,compared_passed,0.23599999999999988,0.2360000000000021,2.220446049250313e-15,3,16,43,8763,0.07665946241468191,0.881252477876842,0.013725364580750465,
results_fair_timing,hmm_91501_0.2,3,3,16,native_weighted,compared_passed,0.06017715643702224,0.06017715643711901,9.676981438389021e-14,8,92,58,8762,0.335885270498693,1.4672636035829782,0.015837610699236393,
results_fair_timing,hmm_91501_0.2,3,3,16,native_minimax,compared_passed,0.08613776704565214,0.08613776704568893,3.6790015478516125e-14,10,70,43,8763,0.4871674254536629,1.1748878611251712,0.01391094084829092,
results_fair_timing,hmm_91501_0.2,3,3,128,native_weighted,monolithic_comparison_failed,0.05561346026487393,0.055613460266237716,1.3637840856617345e-12,10,910,170,,2.238848206587136,,,RuntimeError('highs: Time limit reached. (HiGHS Status 13: model_status is Time limit reached; primal_status is None)')
results_fair_timing,hmm_91501_0.2,3,3,128,native_minimax,compared_passed,0.08613776704565236,0.08613776704573788,8.551492847175268e-14,9,499,43,69803,2.0036337226629257,31.388248880393803,0.10329202748835087,
results_extra_t4,hmm_91501_0.2,4,3,128,native_weighted,monolithic_comparison_failed,0.030071928787009736,0.030071938398982777,9.61197304041872e-09,11,968,298,,9.709755962714553,,,RuntimeError('highs: Time limit reached. (HiGHS Status 13: model_status is Time limit reached; primal_status is None)')
results_extra_t4,hmm_91502_1.0,4,3,128,native_weighted,decomposition_only_converged,0.015187220739322396,0.01518737976956376,1.590302413645439e-07,13,1173,298,,17.933270291425288,,,
