id,case,reference_cell,native_lower,native_upper,control_lower,control_upper,difference_lower,difference_upper,outcome,native_brier,control_brier,reward_threshold,native_sacrifice,control_sacrifice,native_training_worst,control_training_worst,control_optimizer_gap,control_planning_seconds,control_audit_seconds,reference_audit_seconds
matched_00,sensors_0.1_0.1,cell_0143,0.09755604395604411,0.0975560439561121,0.09797971789018711,0.0979797178901979,0.0004236739340750112,0.0004236739341537815,native_win,0.4800000000000001,0.4800000000000002,0.4799999999000001,0.0,-4.348722999529768e-16,0.07200000000000753,0.07200000000207794,2.081779193474631e-12,0.7287628808990121,119.81692015193403,124.94544518832117
matched_01,sensors_0.1_0.3,cell_0106,0.10551215193401975,0.10551215193402697,0.10424674671279432,0.10424674671279978,-0.0012654052212326405,-0.0012654052212199701,native_loss,0.26726571181621606,0.26792345041808674,0.26726571171621605,0.10588224133568148,0.10251390732143487,0.08392110726643683,0.08000000000010017,1.7846835120849391e-13,0.7580478638410568,144.80057936999947,155.68556896783412
matched_02,sensors_0.25_0.25,cell_0230,0.10817307692307687,0.10817307692314727,0.11060176624130369,0.11060176624133833,0.0024286893181564156,0.0024286893182614566,native_win,0.18749999999999994,0.1875,0.18749999989999994,1.9129996732002685e-15,9.564998366001342e-16,0.09375000000000541,0.0937500000000426,4.518607710224387e-14,0.7261897884309292,130.24564582761377,130.88848531711847
matched_03,delayed_0.1_0.1,cell_0329,0.12844788475633384,0.12844788475639837,0.12851460377942991,0.1285146037794645,6.671902303154176e-05,6.671902313065692e-05,native_win,0.3986055338382889,0.39860553397623344,0.3986055337382889,0.09068013018944819,0.0906801296637449,0.07200000000000095,0.07087533719400102,1.125358140008359e-11,0.5617861049249768,71.34176292456686,85.10602531582117
matched_04,delayed_0.25_0.1,cell_0014,0.18157201405152223,0.18157201405261336,0.16144168673617587,0.16144168673618728,-0.02013032731643749,-0.020130327315334956,native_loss,0.23882849576068338,0.2388284958973984,0.23882849566068337,0.1456707953188719,0.14567079447754863,0.09603296703297895,0.08594919484862917,7.801242984939449e-11,0.5578801017254591,77.49224830139428,90.58091842383146
matched_05,irreversible_0.1_0.1,cell_0268,0.24568904659858837,0.24568904659858876,0.236,0.23600000000000024,-0.009689046598588769,-0.00968904659858813,native_loss,0.2247013698630138,0.22470136986301387,0.22470136976301364,,,0.24568904659858973,0.23600000000000032,7.216449660063518e-16,0.34581490978598595,23.929882235825062,24.449213856831193
matched_06,irreversible_0.1_0.3,cell_0176,0.2839999999999996,0.28400000000006675,0.2839999998064089,0.2840000000000002,-1.93657867519903e-10,6.106226635438361e-16,tie,0.2247013698630138,0.2247013697730138,0.22470136976301364,-1.2613199027157568e-15,6.816563763445791e-10,0.284,0.28400000000000486,2.1510598857688024e-10,0.33231972996145487,19.413268676027656,20.806419540196657
matched_07,hmm_91501_0.2,cell_0217,0.1270643773108392,0.1270643773108411,0.12302049102456025,0.12302049102457091,-0.004043886286280857,-0.004043886286268283,native_loss,0.4021278029947616,0.4021278029665746,0.4021278028947616,0.030115228587840787,0.03011522870604464,0.10284866133960627,0.08849081307214277,1.9979388976576473e-10,0.5383853642269969,60.091262239031494,71.32470938190818
matched_08,hmm_91502_1.0,cell_0041,0.10163139108490071,0.10163139108516148,0.09583012621369202,0.09583012621370232,-0.005801264871469453,-0.005801264871198392,native_loss,0.04329236719157559,0.04348448384910575,0.043292367091575586,0.23808565482381788,0.2254710908718343,0.06507751991672406,0.055305824987036595,6.612765890423589e-14,0.6124533042311668,74.15033591445535,97.44828167557716
matched_09,hmm_91503_5.0,cell_0055,0.07621005203107145,0.0762100520310722,0.07566508991439713,0.07566508991447915,-0.0005449621166750684,-0.0005449621165923013,native_loss,0.060756295718161046,0.060756295714478714,0.060756295618161045,0.284803850651422,0.28480385076030557,0.05663882479999796,0.05301584674858259,6.47440712153724e-10,0.6056244410574436,92.92138593737036,115.8940572058782
matched_10,fresh_hmm_2026096800_q4_s3_c0.2,cell_0192,0.24148235848196475,0.2414823584819738,0.22667446125690238,0.2266744612569026,-0.01480789722507142,-0.01480789722506215,native_loss,0.29928725080120633,0.29928725109704746,0.2992872507012064,0.14782800348484929,0.1478280023800219,0.21318686174403798,0.17657085209688042,1.914434416550037e-09,1.7816337840631604,60.734098829329014,66.17313586268574
matched_11,fresh_hmm_2026096801_q4_s3_c0.2,cell_0008,0.16680226356834016,0.16680226356848793,0.15715838322904474,0.15715838328567056,-0.00964388033944319,-0.009643880282669604,native_loss,0.35922809450389626,0.35922809459981253,0.3592280944038963,0.06310458573508351,0.06310458542613735,0.12226458273765327,0.11142897912874662,2.5188197361192266e-10,1.5759365297853947,57.45890955347568,54.169279076159
matched_12,fresh_hmm_2026096900_q4_s3_c1.0,cell_0077,0.08587170551077916,0.08587170551078177,0.0882969355932458,0.08829693559328561,0.002425230082464036,0.0024252300825064466,native_win,0.11440095881953799,0.11440095880778733,0.114400958719538,0.18072247516294074,0.180722475403578,0.07003948507292229,0.06104716727426587,2.215622338375134e-10,1.6226793881505728,80.25164373870939,132.18810990732163
matched_13,fresh_hmm_2026096901_q4_s3_c1.0,cell_0142,0.09442652011837394,0.09442652011839964,0.09086341110660712,0.09086341110663235,-0.00356310901179252,-0.0035631090117415887,native_loss,0.10133803883523196,0.10133803886895099,0.10133803873523198,0.19158412833966168,0.19158412785655696,0.06705426116908117,0.061200964614110405,1.8943557139605716e-10,1.6264831069856882,93.98118068743497,135.98114540055394
matched_14,fresh_hmm_2026097000_q4_s3_c5.0,cell_0465,0.044114814913616684,0.044114814913716466,0.041585353699373995,0.041585353699405636,-0.002529461214342471,-0.0025294612142110484,native_loss,0.011006632803588323,0.01130495678277288,0.011006632703588325,0.37914178679263943,0.32907707749676157,0.031188503766961646,0.026553523811510178,2.634004125923184e-14,0.5550232334062457,73.51703971996903,96.76299192477018
matched_15,fresh_hmm_2026097001_q4_s3_c5.0,cell_0096,0.06038857312021906,0.060388573120317604,0.06040795350285033,0.06040795350297136,1.9380382532727114e-05,1.9380382752301473e-05,native_win,0.02282650994576363,0.02297033919962288,0.022826509845763628,0.3035680550723466,0.2914923368672394,0.0475955379090095,0.037258808469407545,1.582067810090848e-15,0.6145433792844415,101.97397060226649,134.6861287932843
matched_16,fresh_hmm_2026100800_q8_s3_c0.2,cell_0070,0.28905326601521086,0.2890532660174926,0.2791559696347653,0.2791559696351068,-0.009897296382727294,-0.00989729638010406,native_loss,0.25156415107836355,0.2515641512454536,0.25156415097836354,0.19815281193409834,0.19815281069446541,0.24705376629811937,0.1983110915751053,1.3507625851172378e-09,16.880390712991357,727.6882880721241,847.2615397218615
matched_17,fresh_hmm_2026100801_q8_s3_c0.2,cell_0425,0.255241963090024,0.25524196309010927,0.2252918271034765,0.22529182710348944,-0.029950135986632764,-0.029950135986534565,native_loss,0.23967299284573013,0.24306891976787587,0.23967299274573012,0.1738668083792418,0.14487284122721866,0.22519477552848585,0.1822097849980194,6.2727600891321345e-15,9.928700518794358,363.824464504607,394.18519642204046
matched_18,fresh_hmm_2026100900_q8_s3_c1.0,cell_0022,0.12987309072256137,0.12987309072258935,0.12810828118019357,0.1281082811826641,-0.0017648095423957733,-0.0017648095398972719,native_loss,0.06105355179268848,0.06105355177711705,0.06105355169268847,0.2253223233942817,0.225322323809851,0.09233334590276386,0.08573411847698731,4.0152897673451093e-10,4.270368223078549,396.65794980246574,451.75174728874117
matched_19,fresh_hmm_2026100901_q8_s3_c1.0,cell_0367,0.11116598534360378,0.11116598534369068,0.1054794462498927,0.10547944624990717,-0.005686539093797988,-0.00568653909369661,native_loss,0.04204077149205354,0.04204077143585644,0.04204077139205354,0.268691221199271,0.26869122464645573,0.09613389438234887,0.08065842651130069,8.816481572582191e-10,3.2103226641193032,207.2857854058966,354.19173844717443
matched_20,fresh_hmm_2026101000_q8_s3_c5.0,cell_0330,0.07235499152528646,0.07235499152533195,0.062093640567782105,0.06209364056782855,-0.010261350957549847,-0.010261350957457914,native_loss,0.010977156203959365,0.010977156137300603,0.010977156103959367,0.33514983801668113,0.3351498447172959,0.053424552642544164,0.047790723512853475,4.340474785147208e-10,0.890977275557816,125.65329426247627,224.7167344763875
matched_21,fresh_hmm_2026101001_q8_s3_c5.0,cell_0252,0.06260334154482383,0.06260334154540849,0.06313440997210973,0.063134409972193,0.0005310684267012394,0.0005310684273691635,native_win,0.010020413717147902,0.010020413635613679,0.010020413617147905,0.3817450626568137,0.38174507951248704,0.047354484213394096,0.04177744782892765,5.539488312500396e-10,0.9713176731020212,152.35137740615755,247.40154037997127
